2017,Connor McDavid,20,,C,EDM,/teams/EDM/2017.html,82,30,70,100,27,26,26,3,1,6,45,24,1,251,12.0,1733,21:08,29,34,348,458,43.2
2017,Sidney Crosby,29,,C,PIT,/teams/PIT/2017.html,75,44,45,89,17,24,30,14,0,5,34,11,0,255,17.3,1491,19:53,27,80,842,906,48.2
2017,Patrick Kane,28,,RW,CHI,/teams/CHI/2017.html,82,34,55,89,11,32,27,7,0,5,39,16,0,292,11.6,1754,21:24,15,28,7,44,13.7
2017,Nicklas Backstrom,29,,C,WSH,/teams/WSH/2017.html,82,23,63,86,17,38,15,8,0,5,36,27,0,162,14.2,1497,18:16,33,45,685,648,51.4
2017,Nikita Kucherov,23,,RW,TBL,/teams/TBL/2017.html,74,40,45,85,13,38,23,17,0,7,30,15,0,246,16.3,1438,19:26,20,30,0,0,
2017,Brad Marchand,28,,LW,BOS,/teams/BOS/2017.html,80,39,46,85,18,81,27,9,3,8,29,15,2,226,17.3,1555,19:26,35,51,13,23,36.1
2017,Mark Scheifele,23,,C,WPG,/teams/WPG/2017.html,79,32,50,82,18,38,25,7,0,5,40,8,2,160,20.0,1624,20:34,34,49,635,826,43.5
2017,Leon Draisaitl,21,,C,EDM,/teams/EDM/2017.html,82,29,48,77,7,20,19,10,0,5,31,17,0,172,16.9,1548,18:53,36,41,476,496,49.0
2017,Brent Burns,31,,D,SJS,/teams/SJS/2017.html,82,29,47,76,19,40,21,8,0,6,29,17,1,320,9.1,2039,24:52,142,69,0,0,
2017,Vladimir Tarasenko,25,,RW,STL,/teams/STL/2017.html,82,39,36,75,-1,12,30,9,0,8,23,13,0,286,13.6,1515,18:28,31,50,5,5,50.0
2017,Artemi Panarin,25,,LW,CHI,/teams/CHI/2017.html,82,31,43,74,18,21,22,9,0,5,35,8,0,211,14.7,1597,19:28,14,23,2,8,20.0
2017,Blake Wheeler,30,,RW,WPG,/teams/WPG/2017.html,82,26,48,74,6,47,19,5,2,4,31,16,1,259,10.0,1652,20:09,51,100,43,51,45.7
2017,Ryan Getzlaf,31,,C,ANA,/teams/ANA/2017.html,74,15,58,73,7,49,7,6,2,3,43,14,1,138,10.9,1559,21:04,88,99,509,503,50.3
2017,Evgeni Malkin,30,,C,PIT,/teams/PIT/2017.html,62,33,39,72,18,77,22,11,0,6,27,12,0,191,17.3,1154,18:37,25,40,365,481,43.1
2017,Tyler Seguin,25,,C,DAL,/teams/DAL/2017.html,82,26,46,72,-15,22,15,11,0,4,28,18,0,301,8.6,1514,18:28,26,60,401,385,51.0
2017,Victor Hedman,26,,D,TBL,/teams/TBL/2017.html,79,16,56,72,3,47,12,4,0,5,27,29,0,166,9.6,1936,24:30,132,93,0,0,
2017,Erik Karlsson,26,,D,OTT,/teams/OTT/2017.html,77,17,54,71,10,28,13,4,0,5,29,23,2,218,7.8,2066,26:50,201,67,0,0,
2017,David Pastrnak,20,,RW,BOS,/teams/BOS/2017.html,75,34,36,70,11,34,24,10,0,6,22,14,0,262,13.0,1349,17:59,32,72,2,1,66.7
2017,Phil Kessel,29,,RW,PIT,/teams/PIT/2017.html,82,23,47,70,3,20,15,8,0,4,25,22,0,229,10.0,1471,17:56,15,12,5,10,33.3
2017,Auston Matthews,19,,C,TOR,/teams/TOR/2017.html,82,40,29,69,2,14,32,8,0,8,16,13,0,279,14.3,1446,17:38,61,21,530,600,46.9
2017,Alex Ovechkin,31,,LW,WSH,/teams/WSH/2017.html,82,33,36,69,6,50,16,17,0,7,27,9,0,313,10.5,1506,18:22,29,216,0,1,0.0
2017,Jamie Benn,27,,LW,DAL,/teams/DAL/2017.html,77,26,43,69,-9,66,13,12,1,4,29,14,0,201,12.9,1492,19:22,47,89,212,200,51.5
2017,Mikael Granlund,24,,C,MIN,/teams/MIN/2017.html,81,26,43,69,23,12,16,7,3,4,29,13,1,177,14.7,1525,18:49,50,50,16,17,48.5
2017,Joe Pavelski,32,,C,SJS,/teams/SJS/2017.html,81,29,39,68,11,34,21,7,1,7,24,15,0,233,12.4,1549,19:07,73,130,448,407,52.4
2017,Henrik Zetterberg,36,,LW,DET,/teams/DET/2017.html,82,17,51,68,15,22,15,2,0,0,40,11,0,195,8.7,1617,19:43,30,58,705,657,51.8
2017,Max Pacioretty,28,,LW,MTL,/teams/MTL/2017.html,81,35,32,67,15,38,26,8,1,7,26,5,1,268,13.1,1553,19:11,35,63,27,23,54.0
2017,Jeff Carter,32,,C,LAK,/teams/LAK/2017.html,82,32,34,66,2,41,21,10,1,9,22,12,0,250,12.8,1479,18:02,37,86,735,680,51.9
2017,John Tavares,26,,C,NYI,/teams/NYI/2017.html,77,28,38,66,4,38,20,7,1,3,26,11,1,260,10.8,1572,20:25,20,42,824,804,50.6
2017,Eric Staal,32,,C,MIN,/teams/MIN/2017.html,82,28,37,65,17,34,23,4,1,8,24,12,1,211,13.3,1526,18:36,39,42,577,597,49.1
2017,Patrik Laine,18,,RW,WPG,/teams/WPG/2017.html,73,36,28,64,7,26,27,9,0,5,23,5,0,204,17.6,1308,17:55,33,80,0,3,0.0
2017,Nikolaj Ehlers,20,,LW,WPG,/teams/WPG/2017.html,82,25,39,64,1,38,20,5,0,4,32,7,0,204,12.3,1434,17:29,28,43,0,4,0.0
2017,Jeff Skinner,24,,LW,CAR,/teams/CAR/2017.html,79,37,26,63,-3,28,30,7,0,4,18,8,0,281,13.2,1401,17:44,28,33,10,17,37.0
2017,Cam Atkinson,27,,RW,CBJ,/teams/CBJ/2017.html,82,35,27,62,13,22,22,10,3,9,16,11,0,240,14.6,1483,18:05,34,33,2,1,66.7
2017,James van Riemsdyk,27,,LW,TOR,/teams/TOR/2017.html,82,29,33,62,-2,37,23,6,0,5,20,13,0,238,12.2,1303,15:53,29,62,1,4,20.0
2017,Nazem Kadri,26,,C,TOR,/teams/TOR/2017.html,82,32,29,61,-7,95,20,12,0,6,24,5,0,236,13.6,1360,16:35,31,124,543,587,48.1
2017,Viktor Arvidsson,23,,LW,NSH,/teams/NSH/2017.html,80,31,30,61,16,28,22,4,5,6,23,5,2,246,12.6,1372,17:09,45,23,4,12,25.0
2017,Mike Hoffman,27,,LW,OTT,/teams/OTT/2017.html,74,26,35,61,17,51,13,13,0,8,22,13,0,224,11.6,1302,17:36,21,41,12,9,57.1
2017,William Nylander,20,,C,TOR,/teams/TOR/2017.html,81,22,39,61,-3,32,13,9,0,2,22,17,0,205,10.7,1297,16:01,16,25,49,73,40.2
2017,Jakub Voracek,27,,RW,PHI,/teams/PHI/2017.html,82,20,41,61,-24,56,15,5,0,3,23,18,0,253,7.9,1565,19:05,22,30,3,11,21.4
2017,Mitch Marner,19,,C,TOR,/teams/TOR/2017.html,77,19,42,61,0,38,15,4,0,5,25,17,0,176,10.8,1294,16:49,39,41,14,23,37.8
2017,Johnny Gaudreau,23,,LW,CGY,/teams/CGY/2017.html,72,18,43,61,-7,4,14,4,0,3,31,12,0,182,9.9,1331,18:29,14,9,0,0,
2017,Ryan Johansen,24,,C,NSH,/teams/NSH/2017.html,82,14,47,61,1,60,9,4,1,3,28,19,0,154,9.1,1545,18:50,28,77,803,669,54.6
2017,Evgeny Kuznetsov,24,,C,WSH,/teams/WSH/2017.html,82,19,40,59,18,46,16,3,0,4,29,11,0,170,11.2,1390,16:57,18,57,456,581,44.0
2017,Mats Zuccarello,29,,RW,NYR,/teams/NYR/2017.html,80,15,44,59,15,26,10,5,0,3,35,9,0,189,7.9,1506,18:50,52,85,6,7,46.2
2017,Alexander Wennberg,22,,C,CBJ,/teams/CBJ/2017.html,80,13,46,59,9,21,11,2,0,5,25,21,0,109,11.9,1470,18:23,56,58,609,676,47.4
2017,Filip Forsberg,22,,LW,NSH,/teams/NSH/2017.html,82,31,27,58,-4,32,25,3,3,9,21,6,0,234,13.2,1518,18:31,26,97,5,13,27.8
2017,Sean Monahan,22,,C,CGY,/teams/CGY/2017.html,82,27,31,58,-1,20,18,8,1,4,22,9,0,199,13.6,1441,17:35,25,34,743,701,51.5
2017,Marcus Johansson,26,,LW,WSH,/teams/WSH/2017.html,82,24,34,58,25,10,19,5,0,5,20,14,0,129,18.6,1394,16:00,22,32,13,15,46.4
2017,Ryan Kesler,32,,C,ANA,/teams/ANA/2017.html,82,22,36,58,8,83,14,8,0,2,24,12,0,186,11.8,1747,21:18,75,146,1029,764,57.4
2017,Jonathan Toews,28,,C,CHI,/teams/CHI/2017.html,72,21,37,58,7,35,15,6,0,5,26,11,0,199,10.6,1451,20:09,32,43,852,700,54.9
2017,Mikko Koivu,33,,C,MIN,/teams/MIN/2017.html,80,18,40,58,27,34,16,2,0,4,20,18,2,139,12.9,1529,19:07,65,32,938,761,55.2
2017,Claude Giroux,29,,C,PHI,/teams/PHI/2017.html,82,14,44,58,-15,38,9,5,0,3,17,26,1,199,7.0,1568,19:07,28,68,977,771,55.9
2017,Nino Niederreiter,24,,RW,MIN,/teams/MIN/2017.html,82,25,32,57,17,53,17,8,0,3,26,6,0,186,13.4,1236,15:04,20,120,0,1,0.0
2017,Jack Eichel,20,,C,BUF,/teams/BUF/2017.html,61,24,33,57,-13,22,14,10,0,4,19,14,0,249,9.6,1215,19:55,35,26,310,486,38.9
2017,T.J. Oshie,30,,RW,WSH,/teams/WSH/2017.html,68,33,23,56,28,36,25,7,1,4,15,6,2,143,23.1,1214,17:51,50,95,87,93,48.3
2017,J.T. Miller,23,,LW,NYR,/teams/NYR/2017.html,82,22,34,56,17,21,17,2,3,6,28,5,1,132,16.7,1342,16:22,56,101,157,200,44.0
2017,Charlie Coyle,24,,C,MIN,/teams/MIN/2017.html,82,18,38,56,13,36,14,4,0,5,33,5,0,159,11.3,1370,16:42,63,101,114,134,46.0
2017,Josh Bailey,27,,RW,NYI,/teams/NYI/2017.html,82,13,43,56,5,12,10,3,0,1,34,9,0,173,7.5,1506,18:22,53,37,8,7,53.3
2017,Kevin Shattenkirk,28,,D,TOT,,80,13,43,56,-7,47,5,8,0,2,24,19,0,161,8.1,1595,19:56,95,88,0,0,
2017,Kyle Turris,27,,C,OTT,/teams/OTT/2017.html,78,27,28,55,-3,47,21,6,0,6,17,11,0,185,14.6,1521,19:30,61,21,650,575,53.1
2017,Brayden Schenn,25,,C,PHI,/teams/PHI/2017.html,79,25,30,55,-13,38,8,17,0,7,19,11,0,178,14.0,1407,17:48,42,189,232,262,47.0
2017,Ryan O'Reilly,25,,C,BUF,/teams/BUF/2017.html,72,20,35,55,-1,10,11,8,1,3,18,16,1,189,10.6,1545,21:28,45,21,1039,752,58.0
2017,Radim Vrbata,35,,RW,ARI,/teams/ARI/2017.html,81,20,35,55,-18,16,16,4,0,4,24,11,0,233,8.6,1369,16:54,31,48,17,30,36.2
2017,Jaden Schwartz,24,,LW,STL,/teams/STL/2017.html,78,19,36,55,14,18,16,3,0,4,30,6,0,179,10.6,1475,18:54,43,71,67,73,47.9
2017,Tyler Bozak,30,,C,TOR,/teams/TOR/2017.html,78,18,37,55,-1,30,11,7,0,1,26,11,0,145,12.4,1282,16:26,26,45,774,591,56.7
2017,Derek Stepan,26,,C,NYR,/teams/NYR/2017.html,81,17,38,55,19,16,12,4,1,2,24,14,0,209,8.1,1507,18:37,45,26,716,806,47.0
2017,Wayne Simmonds,28,,RW,PHI,/teams/PHI/2017.html,82,31,23,54,-18,122,13,16,2,4,14,9,0,224,13.8,1556,18:58,60,162,8,9,47.1
2017,David Krejci,30,,C,BOS,/teams/BOS/2017.html,82,23,31,54,-12,26,15,8,0,3,25,6,0,158,14.6,1498,18:16,51,40,657,620,51.4
2017,Vincent Trocheck,23,,C,FLA,/teams/FLA/2017.html,82,23,31,54,-13,43,21,2,0,2,20,10,1,230,10.0,1708,20:50,51,164,835,829,50.2
2017,Mark Stone,24,,RW,OTT,/teams/OTT/2017.html,71,22,32,54,12,25,16,6,0,5,24,8,0,134,16.4,1318,18:34,53,43,10,15,40.0
2017,Alexander Radulov,30,,RW,MTL,/teams/MTL/2017.html,76,18,36,54,10,62,12,6,0,2,26,10,0,147,12.2,1390,18:17,41,76,6,6,50.0
2017,Chris Kreider,25,,LW,NYR,/teams/NYR/2017.html,75,28,25,53,6,58,22,6,0,4,18,7,0,186,15.1,1275,17:00,30,132,5,4,55.6
2017,Kyle Palmieri,25,,RW,NJD,/teams/NJD/2017.html,80,26,27,53,2,46,17,8,1,3,16,11,0,192,13.5,1388,17:21,36,124,12,17,41.4
2017,Brandon Saad,24,,LW,CBJ,/teams/CBJ/2017.html,82,24,29,53,23,8,23,1,0,4,27,2,0,210,11.4,1396,17:02,26,24,4,5,44.4
2017,Conor Sheary,24,,LW,PIT,/teams/PIT/2017.html,61,23,30,53,24,22,21,2,0,6,27,3,0,154,14.9,972,15:56,23,29,0,0,
2017,Mikael Backlund,27,,C,CGY,/teams/CGY/2017.html,81,22,31,53,9,36,15,7,0,7,19,9,3,197,11.2,1426,17:36,41,55,711,768,48.1
2017,Patrice Bergeron,31,,C,BOS,/teams/BOS/2017.html,79,21,32,53,12,24,13,8,0,7,20,9,3,302,7.0,1534,19:25,47,54,1086,722,60.1
2017,Jonathan Drouin,21,,LW,TBL,/teams/TBL/2017.html,73,21,32,53,-13,16,12,9,0,6,15,17,0,183,11.5,1293,17:42,16,50,96,124,43.6
2017,Taylor Hall,25,,LW,NJD,/teams/NJD/2017.html,72,20,33,53,-9,32,13,7,0,4,25,8,0,238,8.4,1392,19:20,31,59,8,10,44.4
2017,Corey Perry,31,,RW,ANA,/teams/ANA/2017.html,82,19,34,53,2,76,14,5,0,3,19,15,0,215,8.8,1453,17:43,35,81,7,13,35.0
2017,Nathan MacKinnon,21,,C,COL,/teams/COL/2017.html,82,16,37,53,-14,16,12,2,2,4,25,12,0,251,6.4,1635,19:57,30,56,768,752,50.5
2017,Duncan Keith,33,,D,CHI,/teams/CHI/2017.html,80,6,47,53,22,16,4,2,0,2,34,13,0,183,3.3,2049,25:37,107,24,0,0,
2017,Anders Lee,26,,LW,NYI,/teams/NYI/2017.html,81,34,18,52,9,56,25,9,0,6,13,5,0,191,17.8,1263,15:35,34,172,7,11,38.9
2017,Logan Couture,27,,C,SJS,/teams/SJS/2017.html,73,25,27,52,11,12,14,11,0,3,22,4,1,174,14.4,1285,17:36,65,57,297,453,39.6
2017,Aleksander Barkov,21,,C,FLA,/teams/FLA/2017.html,61,21,31,52,13,10,18,3,0,5,20,11,0,142,14.8,1184,19:24,30,39,476,547,46.5
2017,Bo Horvat,21,,C,VAN,/teams/VAN/2017.html,81,20,32,52,-7,27,15,3,2,1,25,7,0,158,12.7,1461,18:02,41,65,756,742,50.5
2017,Ondrej Palat,25,,LW,TBL,/teams/TBL/2017.html,75,17,35,52,8,39,12,5,0,3,25,10,0,162,10.5,1434,19:07,66,141,9,25,26.5
2017,Dustin Byfuglien,31,,D,WPG,/teams/WPG/2017.html,80,13,39,52,10,117,12,1,0,1,24,13,2,241,5.4,2196,27:27,124,183,0,0,
2017,Anze Kopitar,29,,C,LAK,/teams/LAK/2017.html,76,12,40,52,-10,28,7,5,0,0,25,14,1,150,8.0,1578,20:46,59,78,892,801,52.7
2017,Rickard Rakell,23,,C,ANA,/teams/ANA/2017.html,71,33,18,51,10,12,28,5,0,10,11,7,0,177,18.6,1234,17:23,32,81,62,85,42.2
2017,Patrick Eaves,32,,RW,TOT,,79,32,19,51,-2,24,19,13,0,2,14,5,0,209,15.3,1296,16:25,43,89,2,2,50.0
2017,Jon Marchessault,26,,C,FLA,/teams/FLA/2017.html,75,30,21,51,-21,38,22,8,0,6,11,10,0,193,15.5,1268,16:55,17,105,122,148,45.2
2017,Nick Foligno,29,,LW,CBJ,/teams/CBJ/2017.html,79,26,25,51,-4,55,15,11,0,5,15,10,0,185,14.1,1456,18:26,50,157,41,47,46.6
2017,Jordan Eberle,26,,RW,EDM,/teams/EDM/2017.html,82,20,31,51,3,16,16,4,0,0,21,10,0,208,9.6,1375,16:46,37,26,10,10,50.0
2017,Alex Steen,32,,LW,STL,/teams/STL/2017.html,76,16,35,51,-2,53,13,3,0,2,22,13,0,117,13.7,1467,19:18,69,33,101,146,40.9
2017,Henrik Sedin,36,,C,VAN,/teams/VAN/2017.html,82,15,36,51,-27,28,14,1,0,4,22,14,0,99,15.2,1561,19:02,11,15,611,635,49.0
2017,Justin Schultz,26,,D,PIT,/teams/PIT/2017.html,78,12,39,51,27,34,9,3,0,1,22,17,0,154,7.8,1595,20:27,116,67,0,0,
2017,Torey Krug,25,,D,BOS,/teams/BOS/2017.html,81,8,43,51,-10,37,2,6,0,1,24,19,0,208,3.8,1750,21:36,82,59,0,1,0.0
2017,Milan Lucic,28,,LW,EDM,/teams/EDM/2017.html,82,23,27,50,-3,50,11,12,0,3,14,13,0,175,13.1,1407,17:10,20,202,4,3,57.1
2017,Sam Gagner,27,,C,CBJ,/teams/CBJ/2017.html,81,18,32,50,10,22,10,8,0,1,22,10,0,178,10.1,1111,13:43,16,22,202,223,47.5
2017,Jason Spezza,33,,C,DAL,/teams/DAL/2017.html,68,15,35,50,-18,29,12,2,1,4,18,17,0,149,10.1,1100,16:10,31,13,354,324,52.2
2017,Dougie Hamilton,23,,D,CGY,/teams/CGY/2017.html,81,13,37,50,12,64,11,2,0,5,24,12,1,222,5.9,1594,19:41,94,68,0,0,
2017,Joe Thornton,37,,C,SJS,/teams/SJS/2017.html,79,7,43,50,7,51,6,1,0,0,25,18,0,81,8.6,1427,18:04,31,52,374,362,50.8
2017,Sebastian Aho,19,,RW,CAR,/teams/CAR/2017.html,82,24,25,49,-1,26,17,6,1,4,13,11,1,214,11.2,1377,16:47,14,51,17,18,48.6
2017,Jakob Silfverberg,26,,RW,ANA,/teams/ANA/2017.html,79,23,26,49,10,20,17,5,1,5,22,4,0,227,10.1,1460,18:29,46,47,1,6,14.3
2017,Kevin Hayes,24,,RW,NYR,/teams/NYR/2017.html,76,17,32,49,10,18,15,1,1,4,20,6,6,143,11.9,1258,16:34,30,40,442,526,45.7
2017,John Klingberg,24,,D,DAL,/teams/DAL/2017.html,80,13,36,49,2,34,9,4,0,3,23,13,0,124,10.5,1868,23:21,117,42,1,0,100.0
2017,Roman Josi,26,,D,NSH,/teams/NSH/2017.html,72,12,37,49,7,18,5,7,0,1,25,11,1,217,5.5,1805,25:04,119,54,0,0,
2017,Justin Williams,35,,RW,WSH,/teams/WSH/2017.html,80,24,24,48,14,50,19,5,0,4,19,5,0,167,14.4,1238,15:29,41,28,64,53,54.7
2017,Thomas Vanek,33,,LW,TOT,,68,17,31,48,-5,22,12,5,0,2,23,8,0,133,12.8,979,14:24,5,29,6,9,40.0
2017,Alex Pietrangelo,27,,D,STL,/teams/STL/2017.html,80,14,34,48,3,24,8,6,0,4,21,13,0,181,7.7,2023,25:17,158,38,0,1,0.0
2017,Matthew Tkachuk,19,,LW,CGY,/teams/CGY/2017.html,76,13,35,48,14,105,10,3,0,2,25,10,0,142,9.2,1114,14:40,22,65,8,15,34.8
2017,Gustav Nyquist,27,,RW,DET,/teams/DET/2017.html,76,12,36,48,0,18,10,2,0,2,29,7,0,165,7.3,1325,17:26,20,54,4,1,80.0
2017,Jason Zucker,25,,LW,MIN,/teams/MIN/2017.html,79,22,25,47,34,30,21,1,0,3,25,0,0,172,12.8,1208,15:17,42,73,1,4,20.0
2017,Bryan Little,29,,C,WPG,/teams/WPG/2017.html,59,21,26,47,-7,18,15,6,0,3,20,6,0,119,17.6,1036,17:33,23,35,610,487,55.6
2017,Sam Reinhart,21,,C,BUF,/teams/BUF/2017.html,79,17,30,47,-11,8,8,9,0,3,22,8,0,178,9.6,1360,17:13,40,21,86,124,41.0
2017,Jason Pominville,34,,RW,MIN,/teams/MIN/2017.html,78,13,34,47,2,4,13,0,0,2,27,7,0,176,7.4,1110,14:14,39,44,39,39,50.0
2017,Zach Werenski,19,,D,CBJ,/teams/CBJ/2017.html,78,11,36,47,17,14,7,4,0,1,19,17,0,188,5.9,1631,20:55,90,41,0,0,
2017,Patrick Marleau,37,,LW,SJS,/teams/SJS/2017.html,82,27,19,46,4,28,20,7,0,6,10,9,0,190,14.2,1407,17:09,32,82,115,99,53.7
2017,Tomas Tatar,26,,LW,DET,/teams/DET/2017.html,82,25,21,46,-8,26,20,5,0,5,18,3,0,166,15.1,1417,17:17,24,92,8,5,61.5
2017,David Perron,28,,LW,STL,/teams/STL/2017.html,82,18,28,46,-2,54,14,3,1,3,18,10,0,151,11.9,1418,17:18,28,87,32,34,48.5
2017,Jaromir Jagr,44,,RW,FLA,/teams/FLA/2017.html,82,16,30,46,2,56,8,8,0,2,25,5,0,181,8.8,1394,16:00,4,21,1,1,50.0
2017,Nick Leddy,25,,D,NYI,/teams/NYI/2017.html,81,11,35,46,-3,12,8,3,0,1,23,12,0,137,8.0,1840,22:43,109,77,0,0,
2017,Marian Hossa,38,,RW,CHI,/teams/CHI/2017.html,73,26,19,45,7,8,20,5,1,7,13,6,0,167,15.6,1231,16:51,36,32,5,9,35.7
2017,Artem Anisimov,28,,C,CHI,/teams/CHI/2017.html,64,22,23,45,9,30,18,4,0,7,19,4,0,105,21.0,1142,17:51,27,18,416,506,45.1
2017,Brock Nelson,25,,LW,NYI,/teams/NYI/2017.html,81,20,25,45,-6,36,19,1,0,4,19,5,1,173,11.6,1268,15:39,48,50,346,445,43.7
2017,Tyler Johnson,26,,C,TBL,/teams/TBL/2017.html,66,19,26,45,-5,28,13,6,0,3,15,11,0,130,14.6,1242,18:49,30,46,583,539,52.0
2017,Kyle Okposo,28,,RW,BUF,/teams/BUF/2017.html,65,19,26,45,-7,24,12,7,0,2,10,16,0,156,12.2,1233,18:58,25,53,54,45,54.5
2017,Victor Rask,23,,C,CAR,/teams/CAR/2017.html,82,16,29,45,-10,16,12,4,0,3,22,6,1,186,8.6,1418,17:18,33,43,457,461,49.8
2017,Jordan Staal,28,,C,CAR,/teams/CAR/2017.html,75,16,29,45,-1,38,11,4,1,3,25,4,0,164,9.8,1400,18:40,29,139,688,477,59.1
2017,Travis Zajac,31,,C,NJD,/teams/NJD/2017.html,80,14,31,45,-9,33,7,6,1,1,24,6,1,126,11.1,1578,19:44,26,81,880,733,54.6
2017,Mathieu Perreault,29,,C,WPG,/teams/WPG/2017.html,65,13,32,45,-11,30,10,3,0,3,20,12,0,134,9.7,1059,16:17,26,97,97,92,51.3
2017,Elias Lindholm,22,,C,CAR,/teams/CAR/2017.html,72,11,34,45,-2,16,8,2,1,0,21,9,4,151,7.3,1309,18:11,43,99,353,282,55.6
2017,Rasmus Ristolainen,22,,D,BUF,/teams/BUF/2017.html,79,6,39,45,-9,58,5,1,0,2,14,24,1,186,3.2,2091,26:28,161,195,0,0,
2017,Tanner Pearson,24,,LW,LAK,/teams/LAK/2017.html,80,24,20,44,5,13,20,3,1,5,14,5,1,187,12.8,1306,16:19,31,124,10,14,41.7
2017,Richard Panik,25,,RW,CHI,/teams/CHI/2017.html,82,22,22,44,14,58,18,4,0,5,17,5,0,155,14.2,1208,14:44,45,147,2,5,28.6
2017,Patric Hornqvist,30,,RW,PIT,/teams/PIT/2017.html,70,21,23,44,16,28,11,10,0,6,16,7,0,223,9.4,1117,15:57,62,227,3,8,27.3
2017,Michael Frolik,28,,RW,CGY,/teams/CGY/2017.html,82,17,27,44,13,58,12,3,2,1,21,5,1,202,8.4,1401,17:05,48,60,13,16,44.8
2017,Alex Galchenyuk,22,,C,MTL,/teams/MTL/2017.html,61,17,27,44,-5,24,11,6,0,6,18,9,0,104,16.3,972,15:56,32,36,274,368,42.7
2017,Daniel Sedin,36,,LW,VAN,/teams/VAN/2017.html,82,15,29,44,-16,32,9,6,0,3,21,8,0,216,6.9,1508,18:23,18,20,3,3,50.0
2017,Drew Doughty,27,,D,LAK,/teams/LAK/2017.html,82,12,32,44,8,46,7,5,0,1,17,14,1,181,6.6,2226,27:09,109,129,1,0,100.0
2017,Evander Kane,25,,LW,BUF,/teams/BUF/2017.html,70,28,15,43,-17,113,25,3,0,5,10,5,0,260,10.8,1344,19:12,29,109,55,67,45.1
2017,Paul Byron,27,,LW,MTL,/teams/MTL/2017.html,81,22,21,43,21,29,21,0,1,6,17,4,0,96,22.9,1220,15:04,34,119,10,5,66.7
2017,Ryan Nugent-Hopkins,23,,C,EDM,/teams/EDM/2017.html,82,18,25,43,-10,29,13,5,0,4,19,6,0,200,9.0,1451,17:42,35,47,556,712,43.8
2017,Jake Gardiner,26,,D,TOR,/teams/TOR/2017.html,82,9,34,43,24,34,7,2,0,2,23,11,0,127,7.1,1766,21:32,83,69,0,0,
2017,Patrick Maroon,28,,LW,EDM,/teams/EDM/2017.html,81,27,15,42,13,95,24,3,0,5,12,3,0,178,15.2,1356,16:44,23,189,6,9,40.0
2017,Zach Parise,32,,LW,MIN,/teams/MIN/2017.html,69,19,23,42,-3,30,13,6,0,4,17,6,0,194,9.8,1203,17:26,69,46,8,5,61.5
2017,Mike Fisher,36,,C,NSH,/teams/NSH/2017.html,72,18,24,42,1,55,11,7,0,3,14,10,0,120,15.0,1196,16:37,64,160,703,577,54.9
2017,Shea Weber,31,,D,MTL,/teams/MTL/2017.html,78,17,25,42,20,38,5,12,0,4,13,10,2,183,9.3,1955,25:04,157,140,0,0,
2017,Teuvo Teravainen,22,,LW,CAR,/teams/CAR/2017.html,81,15,27,42,-6,16,10,5,0,2,17,10,0,169,8.9,1315,16:14,33,27,193,220,46.7
2017,Valtteri Filppula,32,,C,TOT,,79,12,30,42,-1,26,12,0,0,1,23,7,0,97,12.4,1375,17:24,39,26,556,606,47.8
2017,Seth Jones,22,,D,CBJ,/teams/CBJ/2017.html,75,12,30,42,6,24,11,1,0,3,24,6,0,152,7.9,1755,23:24,118,61,0,0,
2017,Ryan McDonagh,27,,D,NYR,/teams/NYR/2017.html,77,6,36,42,20,37,4,1,1,1,22,14,0,153,3.9,1876,24:21,160,80,0,0,
2017,James Neal,29,,RW,NSH,/teams/NSH/2017.html,70,23,18,41,-10,35,18,5,0,5,10,8,0,202,11.4,1239,17:42,18,84,3,3,50.0
2017,Matt Duchene,26,,C,COL,/teams/COL/2017.html,77,18,23,41,-34,12,14,3,1,3,17,6,0,160,11.3,1409,18:18,41,42,687,411,62.6
2017,Frans Nielsen,32,,C,DET,/teams/DET/2017.html,79,17,24,41,-19,18,11,4,2,0,13,11,0,162,10.5,1355,17:09,54,64,653,561,53.8
2017,Brandon Dubinsky,30,,C,CBJ,/teams/CBJ/2017.html,80,12,29,41,16,91,10,1,1,5,26,3,0,115,10.4,1432,17:54,60,248,770,718,51.7
2017,Keith Yandle,30,,D,FLA,/teams/FLA/2017.html,82,5,36,41,-6,39,3,2,0,0,19,16,1,178,2.8,1807,22:02,76,28,0,0,
2017,Michael Grabner,29,,RW,NYR,/teams/NYR/2017.html,76,27,13,40,22,10,26,0,1,3,11,0,2,162,16.7,1071,14:06,34,41,7,6,53.8
2017,Adam Henrique,26,,C,NJD,/teams/NJD/2017.html,82,20,20,40,-20,38,12,6,2,2,15,4,1,142,14.1,1490,18:10,67,87,585,628,48.2
2017,Brayden Point,20,,C,TBL,/teams/TBL/2017.html,68,18,22,40,4,14,13,5,0,2,15,7,0,122,14.8,1165,17:08,31,39,238,294,44.7
2017,Paul Stastny,31,,C,STL,/teams/STL/2017.html,66,18,22,40,4,36,13,5,0,5,14,8,0,112,16.1,1263,19:08,35,51,786,624,55.7
2017,Lee Stempniak,33,,RW,CAR,/teams/CAR/2017.html,82,16,24,40,2,32,14,2,0,2,20,4,0,131,12.2,1299,15:51,16,113,3,5,37.5
2017,Phillip Danault,23,,LW,MTL,/teams/MTL/2017.html,82,13,27,40,5,35,13,0,0,3,24,2,1,133,9.8,1278,15:35,52,76,533,498,51.7
2017,P.K. Subban,27,,D,NSH,/teams/NSH/2017.html,66,10,30,40,-8,44,7,3,0,2,16,13,1,142,7.0,1611,24:24,104,78,0,0,
2017,Ryan Suter,32,,D,MIN,/teams/MIN/2017.html,82,9,31,40,34,36,4,4,1,1,22,8,1,164,5.5,2208,26:55,105,72,0,0,
2017,Martin Hanzal,29,,C,TOT,,71,20,19,39,-17,53,15,5,0,2,15,4,0,169,11.8,1258,17:43,58,145,767,593,56.4
2017,Mikko Rantanen,20,,RW,COL,/teams/COL/2017.html,75,20,19,39,-25,22,16,4,0,2,13,6,0,133,15.0,1354,18:03,33,29,29,21,58.0
2017,Derick Brassard,29,,C,OTT,/teams/OTT/2017.html,81,14,25,39,12,24,11,3,0,3,21,4,0,195,7.2,1408,17:23,24,92,612,613,50.0
2017,Oliver Ekman-Larsson,25,,D,ARI,/teams/ARI/2017.html,79,12,27,39,-25,48,4,8,0,1,16,11,0,145,8.3,1945,24:37,85,112,0,0,
2017,Mark Giordano,33,,D,CGY,/teams/CGY/2017.html,81,12,27,39,22,59,7,3,2,4,15,11,1,151,7.9,1910,23:35,184,78,0,0,
2017,Cam Fowler,25,,D,ANA,/teams/ANA/2017.html,80,11,28,39,7,20,5,5,1,3,17,10,1,186,5.9,1988,24:51,134,29,0,0,
2017,Ryan Spooner,25,,C,BOS,/teams/BOS/2017.html,78,11,28,39,-8,14,8,3,0,3,12,15,1,145,7.6,1099,14:06,17,24,79,124,38.9
2017,Alec Martinez,29,,D,LAK,/teams/LAK/2017.html,82,9,30,39,-17,24,6,2,1,3,17,13,0,144,6.3,1775,21:38,167,137,0,1,0.0
2017,Shayne Gostisbehere,23,,D,PHI,/teams/PHI/2017.html,76,7,32,39,-21,32,5,2,0,1,11,21,0,198,3.5,1489,19:36,94,43,0,0,
2017,Matt Niskanen,30,,D,WSH,/teams/WSH/2017.html,78,5,34,39,20,32,4,1,0,2,25,8,1,154,3.2,1730,22:11,93,147,0,0,
2017,Brady Skjei,22,,D,NYR,/teams/NYR/2017.html,80,5,34,39,11,42,5,0,0,0,27,7,0,127,3.9,1397,17:28,69,147,0,1,0.0
2017,Brent Seabrook,31,,D,CHI,/teams/CHI/2017.html,79,3,36,39,5,26,1,2,0,0,24,12,0,131,2.3,1729,21:54,147,111,0,1,0.0
2017,Rick Nash,32,,RW,NYR,/teams/NYR/2017.html,67,23,15,38,9,26,16,6,1,3,12,3,0,195,11.8,1103,16:28,35,63,0,1,0.0
2017,David Backes,32,,RW,BOS,/teams/BOS/2017.html,74,17,21,38,2,69,15,2,0,2,16,5,0,175,9.7,1267,17:07,47,225,60,63,48.8
2017,Ryan Ellis,26,,D,NSH,/teams/NSH/2017.html,71,16,22,38,17,29,11,4,1,3,13,7,2,140,11.4,1701,23:57,137,64,0,0,
2017,Oscar Klefbom,23,,D,EDM,/teams/EDM/2017.html,82,12,26,38,7,6,9,3,0,3,12,13,1,201,6.0,1834,22:22,146,43,0,0,
2017,Jared Spurgeon,27,,D,MIN,/teams/MIN/2017.html,76,10,28,38,33,20,9,1,0,2,23,4,1,144,6.9,1827,24:02,140,49,0,0,
2017,Max Domi,21,,LW,ARI,/teams/ARI/2017.html,59,9,29,38,-9,40,8,1,0,1,22,7,0,108,8.3,1002,16:59,21,28,5,5,50.0
2017,Tyson Barrie,25,,D,COL,/teams/COL/2017.html,74,7,31,38,-34,18,6,1,0,2,22,9,0,182,3.8,1725,23:18,75,32,0,0,
2017,Nick Bonino,28,,C,PIT,/teams/PIT/2017.html,80,18,19,37,-5,16,11,6,1,1,14,5,0,142,12.7,1332,16:39,99,60,582,631,48.0
2017,Justin Faulk,24,,D,CAR,/teams/CAR/2017.html,75,17,20,37,-18,32,13,4,0,2,11,9,0,225,7.6,1736,23:08,84,117,0,0,
2017,Reilly Smith,25,,RW,FLA,/teams/FLA/2017.html,80,15,22,37,-13,17,8,6,1,3,17,5,0,160,9.4,1468,18:21,34,75,3,3,50.0
2017,Kris Versteeg,30,,RW,CGY,/teams/CGY/2017.html,69,15,22,37,-3,46,7,8,0,1,14,8,0,136,11.0,1016,14:44,28,5,53,49,52.0
2017,Mika Zibanejad,23,,C,NYR,/teams/NYR/2017.html,56,14,23,37,9,16,10,4,0,2,16,7,0,119,11.8,956,17:04,27,23,494,456,52.0
2017,Scott Hartnell,34,,LW,CBJ,/teams/CBJ/2017.html,78,13,24,37,14,63,11,2,0,1,23,1,0,104,12.5,941,12:04,40,94,3,3,50.0
2017,John Carlson,27,,D,WSH,/teams/WSH/2017.html,72,9,28,37,7,10,6,3,0,3,14,13,1,180,5.0,1635,22:43,127,58,0,0,
2017,Connor Brown,23,,RW,TOR,/teams/TOR/2017.html,82,20,16,36,3,10,17,2,1,4,12,4,0,139,14.4,1329,16:12,46,50,2,6,25.0
2017,Alex Killorn,27,,LW,TBL,/teams/TBL/2017.html,81,19,17,36,-9,66,14,4,1,4,10,6,1,176,10.8,1458,18:00,25,99,4,8,33.3
2017,Anthony Mantha,22,,RW,DET,/teams/DET/2017.html,60,17,19,36,10,53,16,1,0,3,17,2,0,133,12.8,954,15:54,33,46,5,6,45.5
2017,Dustin Brown,32,,RW,LAK,/teams/LAK/2017.html,80,14,22,36,-4,22,9,4,1,1,20,2,0,175,8.0,1280,16:00,31,190,2,3,40.0
2017,Mike Green,31,,D,DET,/teams/DET/2017.html,72,14,22,36,-20,40,11,3,0,2,15,7,0,125,11.2,1696,23:33,92,67,0,0,
2017,T.J. Brodie,26,,D,CGY,/teams/CGY/2017.html,82,6,30,36,-16,24,4,1,1,2,18,11,1,78,7.7,1934,23:35,115,30,0,0,
2017,Alex Goligoski,31,,D,ARI,/teams/ARI/2017.html,82,6,30,36,-9,28,4,1,1,0,22,7,1,112,5.4,1913,23:20,143,137,0,0,
2017,Andrei Markov,38,,D,MTL,/teams/MTL/2017.html,62,6,30,36,18,16,5,1,0,1,18,11,1,98,6.1,1354,21:50,73,39,0,0,
2017,Nikita Zaitsev,25,,D,TOR,/teams/TOR/2017.html,82,4,32,36,-22,38,3,1,0,0,20,11,1,106,3.8,1806,22:01,136,176,0,0,
2017,Sven Baertschi,24,,LW,VAN,/teams/VAN/2017.html,68,18,17,35,-6,8,16,2,0,5,13,4,0,114,15.8,1080,15:53,29,52,1,0,100.0
2017,Andrew Cogliano,29,,LW,ANA,/teams/ANA/2017.html,82,16,19,35,11,26,13,0,3,2,18,0,1,178,9.0,1241,15:08,27,76,8,10,44.4
2017,Mark Letestu,31,,C,EDM,/teams/EDM/2017.html,78,16,19,35,-2,17,3,11,2,6,15,3,1,120,13.3,1111,14:14,34,71,452,444,50.4
2017,Brian Gionta,38,,RW,BUF,/teams/BUF/2017.html,82,15,20,35,-11,22,11,3,1,3,15,4,1,149,10.1,1362,16:36,30,54,46,60,43.4
2017,Andre Burakovsky,21,,LW,WSH,/teams/WSH/2017.html,64,12,23,35,13,14,10,2,0,1,20,3,0,111,10.8,849,13:16,25,31,2,5,28.6
2017,Colin Wilson,27,,LW,NSH,/teams/NSH/2017.html,70,12,23,35,7,18,6,6,0,0,22,1,0,113,10.6,1047,14:57,23,50,16,23,41.0
2017,Andrej Sekera,30,,D,EDM,/teams/EDM/2017.html,80,8,27,35,14,18,6,1,1,1,17,10,0,128,6.3,1719,21:29,166,55,0,0,
2017,Colton Parayko,23,,D,STL,/teams/STL/2017.html,81,4,31,35,7,32,0,4,0,2,24,6,1,188,2.1,1717,21:12,117,80,0,0,
2017,Patrik Berglund,28,,C,STL,/teams/STL/2017.html,82,23,11,34,-7,32,19,4,0,5,7,4,0,153,15.0,1311,15:59,42,155,584,585,50.0
2017,Brandon Sutter,27,,C,VAN,/teams/VAN/2017.html,81,17,17,34,-20,12,13,4,0,1,13,4,0,160,10.6,1523,18:48,53,78,788,664,54.3
2017,Tobias Rieder,24,,RW,ARI,/teams/ARI/2017.html,80,16,18,34,-8,6,13,2,1,1,13,4,1,155,10.3,1385,17:19,38,24,4,9,30.8
2017,Tyler Toffoli,24,,C,LAK,/teams/LAK/2017.html,63,16,18,34,6,22,12,4,0,2,14,3,1,165,9.7,1045,16:35,4,54,2,3,40.0
2017,Sean Couturier,24,,C,PHI,/teams/PHI/2017.html,66,14,20,34,12,33,14,0,0,2,17,2,1,120,11.7,1217,18:27,35,41,587,479,55.1
2017,Mathew Dumba,22,,D,MIN,/teams/MIN/2017.html,76,11,23,34,15,59,5,6,0,1,16,6,1,131,8.4,1545,20:20,71,96,0,0,
2017,Nick Holden,29,,D,NYR,/teams/NYR/2017.html,80,11,23,34,13,35,8,3,0,2,21,1,1,84,13.1,1649,20:37,88,164,0,1,0.0
2017,Kris Letang,29,,D,PIT,/teams/PIT/2017.html,41,5,29,34,2,32,3,2,0,2,16,12,1,122,4.1,1046,25:31,70,70,0,0,
2017,Jaccob Slavin,22,,D,CAR,/teams/CAR/2017.html,82,5,29,34,23,12,4,0,1,0,22,4,3,99,5.1,1922,23:26,161,35,0,0,
2017,Jason Chimera,37,,LW,NYI,/teams/NYI/2017.html,82,20,13,33,1,40,19,0,1,2,13,0,0,121,16.5,1071,13:04,30,149,16,18,47.1
2017,Boone Jenner,23,,C,CBJ,/teams/CBJ/2017.html,82,18,15,33,14,52,16,0,2,4,14,1,0,211,8.5,1317,16:04,80,216,92,92,50.0
2017,Gabriel Landeskog,24,,LW,COL,/teams/COL/2017.html,72,18,15,33,-25,62,12,5,1,2,14,1,0,169,10.7,1352,18:47,41,143,62,63,49.6
2017,Jake Guentzel,22,,C,PIT,/teams/PIT/2017.html,40,16,17,33,7,10,15,1,0,0,15,2,0,81,19.8,635,15:53,18,61,8,8,50.0
2017,Christian Dvorak,20,,LW,ARI,/teams/ARI/2017.html,78,15,18,33,7,22,13,2,0,1,15,3,0,88,17.0,1218,15:37,56,72,471,535,46.8
2017,Devin Shore,22,,C,DAL,/teams/DAL/2017.html,82,13,20,33,-4,14,12,1,0,0,15,5,0,115,11.3,1159,14:08,71,44,221,249,47.0
2017,Radek Faksa,23,,C,DAL,/teams/DAL/2017.html,80,12,21,33,-6,67,12,0,0,0,19,2,0,132,9.1,1294,16:10,62,101,590,632,48.3
2017,Jean-Gabriel Pageau,24,,C,OTT,/teams/OTT/2017.html,82,12,21,33,13,24,12,0,0,2,19,0,2,169,7.1,1323,16:08,79,161,558,460,54.8
2017,Jacob Trouba,22,,D,WPG,/teams/WPG/2017.html,60,8,25,33,4,54,6,2,0,1,22,2,1,154,5.2,1498,24:58,118,107,0,0,
2017,Dmitry Orlov,25,,D,WSH,/teams/WSH/2017.html,82,6,27,33,30,51,5,1,0,0,22,5,0,125,4.8,1602,19:32,94,122,0,0,
2017,Markus Granlund,23,,C,VAN,/teams/VAN/2017.html,69,19,13,32,-19,14,16,3,0,3,9,4,0,122,15.6,1194,17:19,11,32,40,61,39.6
2017,Dylan Larkin,20,,C,DET,/teams/DET/2017.html,80,17,15,32,-28,37,11,5,1,1,13,2,0,178,9.6,1292,16:09,22,67,196,236,45.4
2017,Zack Smith,28,,C,OTT,/teams/OTT/2017.html,74,16,16,32,6,61,11,1,4,1,16,0,0,137,11.7,1212,16:23,38,140,317,292,52.1
2017,Ryan Dzingel,24,,LW,OTT,/teams/OTT/2017.html,81,14,18,32,6,30,12,1,1,1,16,2,0,123,11.4,1165,14:23,21,71,9,21,30.0
2017,Leo Komarov,30,,C,TOR,/teams/TOR/2017.html,82,14,18,32,6,31,9,4,1,1,11,6,1,114,12.3,1400,17:04,50,232,91,111,45.0
2017,Matt Moulson,33,,LW,BUF,/teams/BUF/2017.html,81,14,18,32,-4,10,3,11,0,2,11,7,0,134,10.4,940,11:36,18,37,1,3,25.0
2017,Andrew Ladd,31,,LW,NYI,/teams/NYI/2017.html,78,23,8,31,-14,45,19,3,1,4,6,2,0,142,16.2,1262,16:11,54,112,4,6,40.0
2017,Ryan Hartman,22,,LW,CHI,/teams/CHI/2017.html,76,19,12,31,13,70,18,1,0,4,12,0,0,170,11.2,970,12:46,30,121,25,37,40.3
2017,Alexandre Burrows,35,,LW/RW,TOT,,75,15,16,31,3,62,14,1,0,2,15,0,1,143,10.5,1099,14:39,34,68,5,9,35.7
2017,Calle Jarnkrok,25,,C,NSH,/teams/NSH/2017.html,81,15,16,31,-1,25,12,2,1,1,12,2,2,134,11.2,1274,15:44,29,49,452,463,49.4
2017,Matt Cullen,40,,C,PIT,/teams/PIT/2017.html,72,13,18,31,4,30,9,2,2,2,16,2,0,93,14.0,1002,13:55,27,36,440,419,51.2
2017,Mike Cammalleri,34,,LW,NJD,/teams/NJD/2017.html,61,10,21,31,-9,21,9,1,0,3,12,9,0,142,7.0,1059,17:21,14,44,17,11,60.7
2017,Damon Severson,22,,D,NJD,/teams/NJD/2017.html,80,3,28,31,-30,58,3,0,0,1,15,13,0,125,2.4,1628,20:21,72,79,0,0,
2017,Jay Beagle,31,,RW,WSH,/teams/WSH/2017.html,81,13,17,30,20,22,12,0,1,4,15,0,2,100,13.0,1104,13:38,44,55,624,483,56.4
2017,Ryan Strome,23,,RW,NYI,/teams/NYI/2017.html,69,13,17,30,-8,40,11,2,0,2,11,6,0,114,11.4,1008,14:36,21,59,147,197,42.7
2017,Dion Phaneuf,31,,D,OTT,/teams/OTT/2017.html,81,9,21,30,-6,100,4,4,1,2,9,12,0,156,5.8,1866,23:02,156,132,0,0,
2017,Ivan Provorov,20,,D,PHI,/teams/PHI/2017.html,82,6,24,30,-7,34,6,0,0,1,19,5,0,161,3.7,1802,21:59,166,111,0,0,
2017,Andreas Athanasiou,22,,C,DET,/teams/DET/2017.html,64,18,11,29,-7,28,17,1,0,3,8,3,0,120,15.0,862,13:28,21,30,37,46,44.6
2017,Josh Anderson,22,,RW,CBJ,/teams/CBJ/2017.html,78,17,12,29,12,89,17,0,0,3,12,0,0,119,14.3,938,12:01,40,147,8,21,27.6
2017,Adam Lowry,23,,C,WPG,/teams/WPG/2017.html,82,15,14,29,1,52,10,5,0,1,9,4,1,122,12.3,1316,16:03,56,217,658,637,50.8
2017,Andrew Shaw,25,,C,MTL,/teams/MTL/2017.html,68,12,17,29,4,110,11,1,0,1,11,6,0,127,9.4,1034,15:12,38,147,239,199,54.6
2017,Craig Smith,27,,RW,NSH,/teams/NSH/2017.html,78,12,17,29,7,30,10,2,0,1,16,1,0,155,7.7,1078,13:49,16,93,51,60,45.9
2017,Robby Fabbri,21,,C,STL,/teams/STL/2017.html,51,11,18,29,-16,27,7,4,0,0,13,5,0,91,12.1,796,15:37,14,64,13,11,54.2
2017,Derek Ryan,30,,C,CAR,/teams/CAR/2017.html,67,11,18,29,-8,22,6,4,1,3,14,4,0,73,15.1,998,14:53,37,33,391,316,55.3
2017,Zdeno Chara,39,,D,BOS,/teams/BOS/2017.html,75,10,19,29,18,59,7,1,2,0,17,2,0,136,7.4,1750,23:20,140,130,0,1,0.0
2017,Brendan Gallagher,24,,RW,MTL,/teams/MTL/2017.html,64,10,19,29,7,39,9,1,0,2,17,2,0,187,5.3,966,15:06,15,69,30,44,40.5
2017,Joel Ward,36,,RW,SJS,/teams/SJS/2017.html,78,10,19,29,-2,30,7,1,2,2,17,2,0,105,9.5,1244,15:57,56,61,222,233,48.8
2017,Chris Kunitz,37,,LW,PIT,/teams/PIT/2017.html,71,9,20,29,0,36,9,0,0,3,15,5,0,134,6.7,1101,15:31,28,216,3,10,23.1
2017,Noah Hanifin,20,,D,CAR,/teams/CAR/2017.html,81,4,25,29,-19,26,2,2,0,1,16,9,0,108,3.7,1452,17:55,73,57,0,0,
2017,Artturi Lehkonen,21,,LW,MTL,/teams/MTL/2017.html,73,18,10,28,-1,8,15,2,1,3,8,2,0,158,11.4,1012,13:52,25,72,2,2,50.0
2017,Bryan Rust,24,,RW,PIT,/teams/PIT/2017.html,57,15,13,28,4,8,15,0,0,1,12,0,1,110,13.6,777,13:38,29,101,2,3,40.0
2017,Nick Ritchie,21,,LW,ANA,/teams/ANA/2017.html,77,14,14,28,4,62,13,1,0,3,13,1,0,149,9.4,1000,12:59,24,247,4,4,50.0
2017,P.A. Parenteau,33,,RW,TOT,,67,13,15,28,-19,35,9,4,0,2,11,4,0,123,10.6,985,14:42,9,60,6,14,30.0
2017,Jussi Jokinen,33,,LW,FLA,/teams/FLA/2017.html,69,11,17,28,-15,39,6,4,1,2,11,6,0,118,9.3,1201,17:25,33,28,75,69,52.1
2017,Travis Konecny,19,,C,PHI,/teams/PHI/2017.html,70,11,17,28,-2,49,8,3,0,0,16,1,0,133,8.3,986,14:05,26,92,0,5,0.0
2017,Zach Hyman,24,,C,TOR,/teams/TOR/2017.html,82,10,18,28,2,30,6,0,4,3,18,0,0,156,6.4,1369,16:42,43,109,11,18,37.9
2017,Vladislav Namestnikov,24,,C,TBL,/teams/TBL/2017.html,74,10,18,28,-4,31,7,3,0,0,14,3,1,114,8.8,1094,14:47,31,72,209,271,43.5
2017,Tomas Plekanec,34,,C,MTL,/teams/MTL/2017.html,78,10,18,28,10,24,5,3,2,3,14,4,0,139,7.2,1312,16:49,45,57,692,660,51.2
2017,Jason Demers,28,,D,FLA,/teams/FLA/2017.html,81,9,19,28,-14,53,9,0,0,2,12,5,2,98,9.2,1588,19:37,90,106,0,1,0.0
2017,Jake Muzzin,27,,D,LAK,/teams/LAK/2017.html,82,9,19,28,-21,46,5,4,0,1,13,6,0,184,4.9,1828,22:18,122,162,0,0,
2017,Antoine Vermette,34,,C,ANA,/teams/ANA/2017.html,72,9,19,28,-7,42,4,5,0,1,13,6,0,88,10.2,1145,15:54,45,51,744,451,62.3
2017,Jeff Petry,29,,D,MTL,/teams/MTL/2017.html,80,8,20,28,3,22,6,2,0,1,15,5,0,172,4.7,1769,22:07,145,171,0,0,
2017,Nick Schmaltz,20,,LW,CHI,/teams/CHI/2017.html,61,6,22,28,10,6,6,0,0,0,20,2,0,66,9.1,809,13:16,27,20,84,188,30.9
2017,Marc-Edouard Vlasic,29,,D,SJS,/teams/SJS/2017.html,75,6,22,28,4,35,5,1,0,2,15,6,1,144,4.2,1593,21:14,144,18,0,0,
2017,Nathan Beaulieu,24,,D,MTL,/teams/MTL/2017.html,74,4,24,28,8,44,2,2,0,1,14,10,0,118,3.4,1442,19:29,102,65,0,0,
2017,Jimmy Vesey,23,,LW,NYR,/teams/NYR/2017.html,80,16,11,27,-13,26,11,5,0,6,8,3,0,116,13.8,1091,13:38,37,64,2,5,28.6
2017,Jarome Iginla,39,,RW,TOT,,80,14,13,27,-30,70,7,7,0,4,9,4,0,153,9.2,1210,15:08,21,116,16,14,53.3
2017,Antoine Roussel,27,,LW,DAL,/teams/DAL/2017.html,60,12,15,27,1,115,12,0,0,3,12,3,0,82,14.6,931,15:31,45,69,7,9,43.8
2017,Shane Doan,40,,RW,ARI,/teams/ARI/2017.html,74,6,21,27,-3,48,3,3,0,0,19,2,0,144,4.2,1114,15:03,22,101,94,105,47.2
2017,Morgan Rielly,22,,D,TOR,/teams/TOR/2017.html,76,6,21,27,-20,21,5,1,0,1,17,4,0,171,3.5,1685,22:10,120,46,0,0,
2017,Mark Streit,39,,D,TOT,,68,6,21,27,-12,28,5,1,0,2,9,12,0,114,5.3,1275,18:45,92,38,0,0,
2017,Erik Haula,25,,C,MIN,/teams/MIN/2017.html,72,15,11,26,5,28,14,1,0,4,11,0,0,134,11.2,995,13:49,38,39,404,346,53.9
2017,Sam Bennett,20,,C,CGY,/teams/CGY/2017.html,81,13,13,26,-16,75,9,4,0,0,12,0,1,122,10.7,1214,14:59,46,127,374,437,46.1
2017,Mikkel Boedker,27,,LW,SJS,/teams/SJS/2017.html,81,10,16,26,0,10,9,0,1,2,15,1,0,122,8.2,1162,14:21,34,71,5,13,27.8
2017,Jonathan Huberdeau,23,,LW,FLA,/teams/FLA/2017.html,31,10,16,26,-2,13,7,3,0,2,12,4,0,86,11.6,556,17:55,7,18,4,5,44.4
2017,Scott Wilson,24,,LW,PIT,/teams/PIT/2017.html,78,8,18,26,0,32,8,0,0,1,18,0,0,127,6.3,854,10:57,31,167,3,0,100.0
2017,Ian Cole,27,,D,PIT,/teams/PIT/2017.html,81,5,21,26,26,72,5,0,0,1,20,1,0,89,5.6,1605,19:49,194,164,0,0,
2017,Paul Martin,35,,D,SJS,/teams/SJS/2017.html,81,4,22,26,10,20,4,0,0,1,22,0,0,57,7.0,1557,19:14,124,41,0,0,
2017,Micheal Ferland,24,,LW,CGY,/teams/CGY/2017.html,76,15,10,25,-1,50,13,2,0,1,8,2,0,106,14.2,879,11:34,26,149,3,4,42.9
2017,Brian Boyle,32,,C,TOT,,75,13,12,25,3,66,10,3,0,2,9,3,0,131,9.9,977,13:02,41,115,303,278,52.2
2017,Troy Brouwer,31,,RW,CGY,/teams/CGY/2017.html,74,13,12,25,-11,31,7,5,1,2,5,6,1,86,15.1,1200,16:13,39,171,20,44,31.3
2017,Bobby Ryan,29,,RW,OTT,/teams/OTT/2017.html,62,13,12,25,-3,24,11,2,0,0,9,3,0,111,11.7,963,15:32,36,109,6,3,66.7
2017,Lars Eller,27,,C,WSH,/teams/WSH/2017.html,81,12,13,25,15,36,11,0,1,2,12,1,0,115,10.4,1126,13:54,30,71,416,467,47.1
2017,Daniel Winnik,31,,LW,WSH,/teams/WSH/2017.html,72,12,13,25,15,49,10,0,2,3,13,0,0,82,14.6,930,12:55,34,25,9,12,42.9
2017,Jordan Martinook,24,,LW,ARI,/teams/ARI/2017.html,77,11,14,25,-8,40,9,1,1,2,11,1,2,109,10.1,1207,15:41,68,50,460,577,44.4
2017,Dominic Moore,36,,C,BOS,/teams/BOS/2017.html,82,11,14,25,2,44,8,0,3,1,13,0,1,96,11.5,1061,12:57,42,63,357,297,54.6
2017,Casey Cizikas,25,,C,NYI,/teams/NYI/2017.html,59,8,17,25,9,30,8,0,0,1,16,1,0,82,9.8,821,13:54,58,144,420,426,49.6
2017,William Karlsson,24,,C,CBJ,/teams/CBJ/2017.html,81,6,19,25,10,10,5,1,0,3,17,0,2,96,6.3,1084,13:23,24,35,435,525,45.3
2017,Calvin de Haan,25,,D,NYI,/teams/NYI/2017.html,82,5,20,25,15,36,4,1,0,1,19,1,0,116,4.3,1628,19:51,190,139,0,0,
2017,Mike Ribeiro,36,,C,NSH,/teams/NSH/2017.html,46,4,21,25,-5,14,2,2,0,0,16,5,0,38,10.5,735,15:58,6,33,183,261,41.2
2017,Jonas Brodin,23,,D,MIN,/teams/MIN/2017.html,68,3,22,25,5,20,1,2,0,2,17,5,0,85,3.5,1331,19:34,89,20,0,0,
2017,Brett Ritchie,23,,RW,DAL,/teams/DAL/2017.html,78,16,8,24,11,38,15,1,0,2,7,1,0,167,9.6,1006,12:54,23,153,1,1,50.0
2017,Alex Chiasson,26,,RW,CGY,/teams/CGY/2017.html,81,12,12,24,-6,46,11,0,1,1,10,2,0,104,11.5,1084,13:23,18,74,7,22,24.1
2017,Trevor Lewis,30,,C,LAK,/teams/LAK/2017.html,82,12,12,24,-6,30,11,1,0,3,11,1,0,145,8.3,1170,14:16,30,174,44,66,40.0
2017,Loui Eriksson,31,,LW,VAN,/teams/VAN/2017.html,65,11,13,24,-9,8,6,5,0,1,10,2,1,132,8.3,1214,18:41,26,11,0,1,0.0
2017,Anthony Beauvillier,19,,LW,NYI,/teams/NYI/2017.html,66,9,15,24,1,10,9,0,0,2,14,1,0,101,8.9,859,13:01,26,81,123,174,41.4
2017,Colton Sceviour,27,,C,FLA,/teams/FLA/2017.html,80,9,15,24,-16,25,5,1,3,1,12,2,1,172,5.2,1171,14:38,64,108,31,27,53.4
2017,Pavel Zacha,19,,C,NJD,/teams/NJD/2017.html,70,8,16,24,-17,19,3,5,0,2,8,8,0,83,9.6,1002,14:18,24,54,183,271,40.3
2017,Zack Kassian,26,,RW,EDM,/teams/EDM/2017.html,79,7,17,24,4,101,7,0,0,0,17,0,0,110,6.4,972,12:18,16,201,4,7,36.4
2017,Troy Stecher,22,,D,VAN,/teams/VAN/2017.html,71,3,21,24,-16,25,2,1,0,0,14,7,0,125,2.4,1419,19:59,66,51,0,0,
2017,Sami Vatanen,25,,D,ANA,/teams/ANA/2017.html,71,3,21,24,3,30,1,2,0,0,9,12,0,117,2.6,1538,21:40,128,75,0,0,
2017,Brett Connolly,24,,RW,WSH,/teams/WSH/2017.html,66,15,8,23,20,40,14,1,0,3,8,0,0,81,18.5,706,10:41,12,89,4,10,28.6
2017,Marcus Foligno,25,,LW,BUF,/teams/BUF/2017.html,80,13,10,23,-1,73,12,0,1,0,10,0,0,97,13.4,1238,15:28,57,279,1,4,20.0
2017,Nikolai Kulemin,30,,LW,NYI,/teams/NYI/2017.html,72,12,11,23,3,18,10,1,1,4,9,1,1,74,16.2,995,13:49,45,78,14,13,51.9
2017,Chris Tierney,22,,C,SJS,/teams/SJS/2017.html,80,11,12,23,0,6,9,1,1,2,11,0,1,90,12.2,1168,14:36,44,50,399,424,48.5
2017,Mikhail Grigorenko,22,,C,COL,/teams/COL/2017.html,75,10,13,23,-14,18,10,0,0,0,9,4,0,85,11.8,1057,14:05,26,27,111,81,57.8
2017,Tom Pyatt,29,,LW,OTT,/teams/OTT/2017.html,82,9,14,23,9,16,9,0,0,1,12,0,2,95,9.5,1281,15:38,89,46,21,28,42.9
2017,Sven Andrighetto,23,,RW,TOT,,46,7,16,23,1,12,5,2,0,0,14,2,0,68,10.3,643,13:58,22,40,7,3,70.0
2017,Johnny Boychuk,33,,D,NYI,/teams/NYI/2017.html,66,6,17,23,11,19,4,1,1,2,13,3,1,155,3.9,1368,20:44,133,160,1,0,100.0
2017,Radko Gudas,26,,D,PHI,/teams/PHI/2017.html,67,6,17,23,8,93,6,0,0,0,16,1,0,113,5.3,1293,19:18,124,280,0,0,
2017,David Savard,26,,D,CBJ,/teams/CBJ/2017.html,74,6,17,23,33,44,6,0,0,0,15,0,2,135,4.4,1616,21:50,126,127,0,0,
2017,Matt Stajan,33,,C,CGY,/teams/CGY/2017.html,81,6,17,23,3,40,6,0,0,3,15,0,2,59,10.2,1027,12:41,39,60,385,383,50.1
2017,Jack Johnson,30,,D,CBJ,/teams/CBJ/2017.html,82,5,18,23,23,32,4,1,0,1,16,1,1,116,4.3,1789,21:49,134,94,1,0,100.0
2017,Mattias Ekholm,26,,D,NSH,/teams/NSH/2017.html,82,3,20,23,4,34,3,0,0,1,16,3,1,120,2.5,1924,23:28,108,61,0,0,
2017,John Moore,26,,D,NJD,/teams/NJD/2017.html,63,12,10,22,-8,39,11,1,0,1,8,2,0,102,11.8,1196,18:59,61,68,0,0,
2017,Melker Karlsson,26,,C,SJS,/teams/SJS/2017.html,67,11,11,22,7,22,9,0,2,1,11,0,0,73,15.1,858,12:48,59,67,1,5,16.7
2017,Tomas Hertl,23,,C,SJS,/teams/SJS/2017.html,49,10,12,22,-8,14,9,1,0,4,11,1,0,100,10.0,844,17:13,42,76,245,229,51.7
2017,Jori Lehtera,29,,C,STL,/teams/STL/2017.html,64,7,15,22,-6,34,7,0,0,1,12,3,0,67,10.4,971,15:11,29,64,409,423,49.2
2017,Nic Dowd,26,,C,LAK,/teams/LAK/2017.html,70,6,16,22,-15,25,5,1,0,2,9,7,0,78,7.7,872,12:27,35,145,338,369,47.8
2017,Carl Hagelin,28,,LW,PIT,/teams/PIT/2017.html,61,6,16,22,10,16,6,0,0,2,15,0,1,128,4.7,945,15:29,24,66,3,3,50.0
2017,Dennis Seidenberg,35,,D,NYI,/teams/NYI/2017.html,73,5,17,22,25,32,5,0,0,0,17,0,0,89,5.6,1418,19:26,146,154,0,0,
2017,Anton Stralman,30,,D,TBL,/teams/TBL/2017.html,73,5,17,22,1,20,4,1,0,0,11,6,0,130,3.8,1672,22:54,96,106,0,0,
2017,Brendan Perlini,20,,LW,ARI,/teams/ARI/2017.html,57,14,7,21,-4,20,11,3,0,2,5,2,0,92,15.2,846,14:50,15,42,1,1,50.0
2017,Chris Stewart,29,,RW,MIN,/teams/MIN/2017.html,79,13,8,21,3,94,13,0,0,0,6,2,0,82,15.9,821,10:23,19,85,2,9,18.2
2017,Aaron Ekblad,20,,D,FLA,/teams/FLA/2017.html,68,10,11,21,-23,58,5,4,1,2,7,4,0,225,4.4,1459,21:28,62,88,0,0,
2017,Marian Gaborik,34,,RW,LAK,/teams/LAK/2017.html,56,10,11,21,-4,18,7,3,0,3,9,2,0,123,8.1,828,14:47,15,21,0,1,0.0
2017,Drew Stafford,31,,RW,TOT,,58,8,13,21,6,24,5,3,0,3,12,1,0,109,7.3,789,13:36,3,62,7,15,31.8
2017,Justin Abdelkader,29,,LW,DET,/teams/DET/2017.html,64,7,14,21,-20,50,2,5,0,1,11,2,1,104,6.7,1066,16:40,27,144,5,12,29.4
2017,Alexander Edler,30,,D,VAN,/teams/VAN/2017.html,68,6,15,21,-20,36,4,2,0,0,13,2,0,138,4.3,1653,24:19,138,106,2,1,66.7
2017,Jesper Fast,25,,RW,NYR,/teams/NYR/2017.html,68,6,15,21,6,16,6,0,0,1,15,0,0,56,10.7,938,13:48,44,99,17,27,38.6
2017,Steven Stamkos,26,,C,TBL,/teams/TBL/2017.html,17,9,11,20,3,14,6,3,0,1,7,4,0,58,15.5,304,17:52,3,21,106,92,53.5
2017,Pavel Buchnevich,21,,RW,NYR,/teams/NYR/2017.html,41,8,12,20,6,13,7,1,0,0,10,2,0,55,14.5,544,13:16,8,17,1,6,14.3
2017,Blake Comeau,30,,LW,COL,/teams/COL/2017.html,77,8,12,20,-19,58,5,2,1,1,12,0,0,103,7.8,1154,14:59,22,129,114,132,46.3
2017,Jannik Hansen,30,,RW,TOT,,43,8,12,20,2,34,8,0,0,1,12,0,0,73,11.0,690,16:03,15,43,0,1,0.0
2017,Lauri Korpikoski,30,,LW,TOT,,69,8,12,20,5,10,8,0,0,0,11,0,1,108,7.4,856,12:24,36,37,0,7,0.0
2017,Kevin Labanc,21,,RW,SJS,/teams/SJS/2017.html,55,8,12,20,9,22,8,0,0,2,10,2,0,70,11.4,752,13:41,14,19,2,2,50.0
2017,Oscar Lindberg,25,,C,NYR,/teams/NYR/2017.html,65,8,12,20,2,32,8,0,0,1,11,1,0,86,9.3,704,10:50,36,94,299,276,52.0
2017,Jakob Chychrun,18,,D,ARI,/teams/ARI/2017.html,68,7,13,20,-14,47,6,1,0,0,12,1,0,86,8.1,1133,16:40,99,109,0,0,
2017,Hampus Lindholm,23,,D,ANA,/teams/ANA/2017.html,66,6,14,20,13,36,5,1,0,2,10,4,0,94,6.4,1482,22:27,94,98,2,0,100.0
2017,Josh Morrissey,21,,D,WPG,/teams/WPG/2017.html,82,6,14,20,6,38,5,1,0,3,14,0,0,99,6.1,1598,19:29,139,145,0,0,
2017,Cal Clutterbuck,29,,RW,NYI,/teams/NYI/2017.html,66,5,15,20,2,28,5,0,0,1,14,1,0,115,4.3,924,13:00,25,222,3,5,37.5
2017,Thomas Hickey,27,,D,NYI,/teams/NYI/2017.html,76,4,16,20,-1,35,4,0,0,2,13,3,0,87,4.6,1331,17:31,103,89,0,0,
2017,Jake McCabe,23,,D,BUF,/teams/BUF/2017.html,76,3,17,20,-7,26,2,1,0,1,14,3,0,79,3.8,1574,20:42,114,73,0,0,
2017,Brett Pesce,22,,D,CAR,/teams/CAR/2017.html,82,2,18,20,23,20,2,0,0,0,16,2,0,109,1.8,1739,21:12,148,57,0,0,
2017,Joel Armia,23,,RW,WPG,/teams/WPG/2017.html,57,10,9,19,-8,20,6,0,4,1,7,2,0,111,9.0,863,15:08,30,68,3,4,42.9
2017,Matt Read,30,,RW,PHI,/teams/PHI/2017.html,63,10,9,19,3,8,7,2,1,2,9,0,0,92,10.9,869,13:48,32,95,5,10,33.3
2017,Beau Bennett,25,,RW,NJD,/teams/NJD/2017.html,65,8,11,19,-4,20,7,1,0,1,10,1,0,101,7.9,881,13:33,13,76,3,13,18.8
2017,Tom Wilson,22,,RW,WSH,/teams/WSH/2017.html,82,7,12,19,9,133,7,0,0,0,12,0,0,95,7.4,1060,12:56,44,239,3,7,30.0
2017,Trevor Daley,33,,D,PIT,/teams/PIT/2017.html,56,5,14,19,7,37,4,1,0,0,10,3,1,84,6.0,1141,20:23,83,29,0,0,
2017,Ben Hutton,23,,D,VAN,/teams/VAN/2017.html,71,5,14,19,-22,31,3,2,0,1,5,9,0,130,3.8,1455,20:30,106,46,0,0,
2017,Adam Larsson,24,,D,EDM,/teams/EDM/2017.html,79,4,15,19,21,55,4,0,0,0,15,0,0,85,4.7,1592,20:09,160,253,0,0,
2017,Cody Franson,29,,D,BUF,/teams/BUF/2017.html,68,3,16,19,-5,34,2,1,0,0,15,1,0,93,3.2,1257,18:29,68,87,0,0,
2017,Matt Hunwick,31,,D,TOR,/teams/TOR/2017.html,72,1,18,19,8,18,1,0,0,0,18,0,0,73,1.4,1294,17:59,90,91,0,0,
2017,Rene Bourque,35,,RW,COL,/teams/COL/2017.html,65,12,6,18,-19,56,10,2,0,2,6,0,0,111,10.8,906,13:57,26,75,0,5,0.0
2017,Scottie Upshall,33,,RW,STL,/teams/STL/2017.html,73,10,8,18,-1,45,8,0,2,1,8,0,0,85,11.8,802,10:59,21,99,3,9,25.0
2017,Frank Vatrano,22,,C,BOS,/teams/BOS/2017.html,44,10,8,18,-3,14,6,4,0,1,7,1,0,116,8.6,593,13:29,16,51,2,5,28.6
2017,Brandon Pirri,25,,RW,NYR,/teams/NYR/2017.html,60,8,10,18,-8,25,3,5,0,3,6,4,0,96,8.3,737,12:17,20,41,140,103,57.6
2017,Patrick Sharp,35,,LW,DAL,/teams/DAL/2017.html,48,8,10,18,-22,31,6,1,1,0,10,0,0,146,5.5,765,15:57,24,24,29,32,47.5
2017,Drake Caggiula,22,,LW,EDM,/teams/EDM/2017.html,60,7,11,18,3,16,5,2,0,2,7,3,1,93,7.5,794,13:14,19,97,117,167,41.2
2017,Michael Del Zotto,26,,D,PHI,/teams/PHI/2017.html,51,6,12,18,-5,28,6,0,0,0,10,1,1,92,6.5,995,19:30,85,173,0,1,0.0
2017,Esa Lindell,22,,D,DAL,/teams/DAL/2017.html,73,6,12,18,8,22,6,0,0,2,10,2,0,99,6.1,1597,21:52,119,93,0,1,0.0
2017,Francois Beauchemin,36,,D,COL,/teams/COL/2017.html,81,5,13,18,-14,32,5,0,0,1,10,3,0,132,3.8,1743,21:31,156,73,0,0,
2017,Niklas Hjalmarsson,29,,D,CHI,/teams/CHI/2017.html,73,5,13,18,12,20,5,0,0,0,12,0,1,61,8.2,1569,21:30,181,23,0,0,
2017,Shane Prince,24,,LW,NYI,/teams/NYI/2017.html,50,5,13,18,-9,18,4,1,0,2,11,2,0,71,7.0,649,12:58,12,36,4,3,57.1
2017,Alan Quine,23,,C,NYI,/teams/NYI/2017.html,61,5,13,18,-2,8,3,2,0,1,12,1,0,82,6.1,764,12:31,29,77,264,286,48.0
2017,Dennis Wideman,33,,D,CGY,/teams/CGY/2017.html,57,5,13,18,-6,32,3,2,0,1,10,3,0,87,5.7,1153,20:14,74,61,0,0,
2017,Derek Forbort,24,,D,LAK,/teams/LAK/2017.html,82,2,16,18,8,54,2,0,0,0,15,0,1,100,2.0,1650,20:07,159,180,1,0,100.0
2017,Andrew MacDonald,30,,D,PHI,/teams/PHI/2017.html,73,2,16,18,-5,26,2,0,0,0,15,0,1,65,3.1,1468,20:06,151,39,0,0,
2017,David Schlemko,29,,D,SJS,/teams/SJS/2017.html,62,2,16,18,4,14,1,1,0,1,14,2,0,118,1.7,1038,16:45,112,35,0,0,
2017,Andrew Copp,22,,C,WPG,/teams/WPG/2017.html,64,9,8,17,8,18,8,0,1,1,8,0,0,77,11.7,790,12:21,28,87,95,97,49.5
2017,Jamie McGinn,28,,LW,ARI,/teams/ARI/2017.html,72,9,8,17,-23,23,9,0,0,2,6,2,0,116,7.8,948,13:10,18,116,1,2,33.3
2017,Darren Helm,30,,C,DET,/teams/DET/2017.html,50,8,9,17,-6,20,6,2,0,1,6,2,1,98,8.2,768,15:22,18,71,216,204,51.4
2017,Torrey Mitchell,32,,C,MTL,/teams/MTL/2017.html,78,8,9,17,5,38,8,0,0,1,9,0,0,68,11.8,983,12:36,56,47,410,342,54.5
2017,Miles Wood,21,,LW,NJD,/teams/NJD/2017.html,60,8,9,17,-21,86,6,2,0,0,7,2,0,105,7.6,771,12:51,26,68,1,1,50.0
2017,Michael Matheson,22,,D,FLA,/teams/FLA/2017.html,81,7,10,17,-5,36,7,0,0,0,8,1,1,179,3.9,1705,21:03,118,69,1,0,100.0
2017,Riley Nash,27,,C,BOS,/teams/BOS/2017.html,81,7,10,17,-1,14,6,0,1,2,8,0,2,125,5.6,1118,13:48,36,67,276,286,49.1
2017,Joonas Donskoi,24,,RW,SJS,/teams/SJS/2017.html,61,6,11,17,-5,10,5,1,0,0,8,3,0,95,6.3,842,13:49,27,27,8,8,50.0
2017,Nick Shore,24,,C,LAK,/teams/LAK/2017.html,70,6,11,17,-2,20,5,0,1,1,11,0,0,79,7.6,895,12:47,22,58,362,359,50.2
2017,Brian Campbell,37,,D,CHI,/teams/CHI/2017.html,80,5,12,17,12,24,3,2,0,1,9,3,0,74,6.8,1474,18:26,83,43,0,0,
2017,Marcus Kruger,26,,C,CHI,/teams/CHI/2017.html,70,5,12,17,7,34,5,0,0,0,12,0,0,83,6.0,981,14:01,62,31,357,370,49.1
2017,Josh Manson,25,,D,ANA,/teams/ANA/2017.html,82,5,12,17,14,82,4,0,1,1,11,0,1,88,5.7,1527,18:38,79,227,0,0,
2017,Austin Watson,25,,LW,NSH,/teams/NSH/2017.html,77,5,12,17,14,99,5,0,0,0,11,0,1,90,5.6,957,12:26,66,143,17,25,40.5
2017,Chris Wideman,27,,D,OTT,/teams/OTT/2017.html,76,5,12,17,7,46,4,1,0,1,8,4,0,123,4.1,1061,13:58,68,68,0,0,
2017,Jordie Benn,29,,D,TOT,,71,4,13,17,-4,28,4,0,0,1,10,2,1,68,5.9,1298,18:17,144,64,0,0,
2017,Ron Hainsey,35,,D,TOT,,72,4,13,17,-8,21,3,0,1,1,11,0,2,71,5.6,1586,22:02,120,93,0,0,
2017,Nikita Nesterov,23,,D,TOT,,48,4,13,17,0,24,3,1,0,0,12,1,0,63,6.3,782,16:17,21,84,0,0,
2017,Mark Pysyk,25,,D,FLA,/teams/FLA/2017.html,82,4,13,17,0,10,4,0,0,0,13,0,0,86,4.7,1522,18:34,99,72,0,1,0.0
2017,Nate Schmidt,25,,D,WSH,/teams/WSH/2017.html,60,3,14,17,22,16,3,0,0,0,13,0,1,60,5.0,929,15:29,37,51,0,0,
2017,Cody Ceci,23,,D,OTT,/teams/OTT/2017.html,79,2,15,17,-11,20,2,0,0,0,12,1,2,143,1.4,1833,23:12,159,111,1,0,100.0
2017,Erik Johnson,28,,D,COL,/teams/COL/2017.html,46,2,15,17,-6,9,2,0,0,1,9,6,0,96,2.1,1016,22:05,98,87,0,0,
2017,Connor Murphy,23,,D,ARI,/teams/ARI/2017.html,77,2,15,17,-13,45,1,0,1,1,15,0,0,81,2.5,1477,19:11,119,201,0,0,
2017,Kevin Fiala,20,,LW,NSH,/teams/NSH/2017.html,54,11,5,16,1,18,11,0,0,1,5,0,0,114,9.6,730,13:31,14,44,0,0,
2017,Viktor Stalberg,31,,LW,TOT,,75,11,5,16,-9,41,8,1,2,2,4,1,0,101,10.9,915,12:12,28,141,0,3,0.0
2017,Adam Cracknell,31,,RW,DAL,/teams/DAL/2017.html,69,10,6,16,9,12,9,0,1,2,6,0,0,87,11.5,722,10:28,37,91,135,160,45.8
2017,Dwight King,27,,LW,TOT,,80,9,7,16,-2,12,9,0,0,1,7,0,0,110,8.2,1153,14:24,28,120,4,12,25.0
2017,Ryan White,28,,C,TOT,,65,9,7,16,-16,84,9,0,0,1,7,0,0,60,15.0,693,10:39,33,187,39,52,42.9
2017,Zemgus Girgensons,23,,C,BUF,/teams/BUF/2017.html,75,7,9,16,-7,18,7,0,0,0,9,0,0,112,6.3,987,13:10,26,120,273,306,47.2
2017,Brock McGinn,22,,LW,CAR,/teams/CAR/2017.html,57,7,9,16,-11,6,7,0,0,1,8,0,1,74,9.5,684,11:00,22,91,1,3,25.0
2017,Brandon Carlo,20,,D,BOS,/teams/BOS/2017.html,82,6,10,16,9,59,5,0,1,0,10,0,0,88,6.8,1707,20:49,115,87,0,0,
2017,Nick Cousins,23,,C,PHI,/teams/PHI/2017.html,60,6,10,16,-6,31,5,1,0,0,9,1,0,99,6.1,720,12:00,24,61,89,128,41.0
2017,Tanner Kero,24,,RW,CHI,/teams/CHI/2017.html,47,6,10,16,15,8,6,0,0,0,10,0,0,60,10.0,634,13:29,51,41,209,262,44.4
2017,Derek MacKenzie,35,,C,FLA,/teams/FLA/2017.html,82,6,10,16,-7,50,4,0,2,1,7,0,3,91,6.6,1030,12:34,45,192,386,386,50.0
2017,Curtis McKenzie,25,,LW,DAL,/teams/DAL/2017.html,53,6,10,16,5,72,6,0,0,3,10,0,0,66,9.1,575,10:51,31,103,3,3,50.0
2017,Alexander Burmistrov,25,,C,TOT,,49,5,11,16,-7,12,1,4,0,0,9,1,1,45,11.1,654,13:21,19,60,178,259,40.7
2017,Trevor van Riemsdyk,25,,D,CHI,/teams/CHI/2017.html,58,5,11,16,17,29,5,0,0,2,11,0,0,73,6.8,1068,18:25,100,22,0,0,
2017,Deryk Engelland,34,,D,CGY,/teams/CGY/2017.html,81,4,12,16,2,85,4,0,0,2,12,0,0,107,3.7,1485,18:20,134,135,1,0,100.0
2017,Tom Kuhnhackl,25,,RW,PIT,/teams/PIT/2017.html,57,4,12,16,8,18,3,0,1,0,11,0,1,49,8.2,607,10:39,42,112,2,2,50.0
2017,Dan Hamhuis,34,,D,DAL,/teams/DAL/2017.html,79,1,15,16,-7,23,0,1,0,0,13,0,2,83,1.2,1529,19:22,100,93,0,0,
2017,Matt Calvert,27,,LW,CBJ,/teams/CBJ/2017.html,65,10,5,15,-4,48,7,0,3,1,4,0,1,92,10.9,868,13:21,34,61,2,14,12.5
2017,Kyle Brodziak,32,,C,STL,/teams/STL/2017.html,69,8,7,15,2,27,8,0,0,2,7,0,0,55,14.5,773,11:12,39,56,323,330,49.5
2017,Dale Weise,28,,RW,PHI,/teams/PHI/2017.html,64,8,7,15,1,39,7,1,0,2,6,1,0,94,8.5,824,12:53,24,135,3,0,100.0
2017,Kyle Quincey,31,,D,TOT,,73,6,9,15,3,51,6,0,0,0,9,0,0,79,7.6,1306,17:54,96,95,0,0,
2017,Chris VandeVelde,29,,C,PHI,/teams/PHI/2017.html,81,6,9,15,-5,16,6,0,0,0,9,0,0,69,8.7,936,11:34,60,114,24,20,54.5
2017,Anthony Duclair,21,,LW,ARI,/teams/ARI/2017.html,58,5,10,15,-7,14,5,0,0,1,8,2,0,76,6.6,771,13:18,17,22,4,4,50.0
2017,Ondrej Kase,21,,RW,ANA,/teams/ANA/2017.html,53,5,10,15,-1,18,5,0,0,2,10,0,0,77,6.5,625,11:47,14,42,1,6,14.3
2017,Dan Girardi,32,,D,NYR,/teams/NYR/2017.html,63,4,11,15,8,16,3,0,1,3,10,0,1,56,7.1,1203,19:06,166,107,0,0,
2017,Matt Benning,22,,D,EDM,/teams/EDM/2017.html,62,3,12,15,8,29,2,1,0,0,10,2,0,69,4.3,1030,16:37,64,111,0,0,
2017,Joel Edmundson,23,,D,STL,/teams/STL/2017.html,69,3,12,15,11,60,3,0,0,1,12,0,0,81,3.7,1226,17:46,95,122,0,0,
2017,Michael Stone,26,,D,TOT,,64,3,12,15,0,32,2,1,0,0,8,4,0,81,3.7,1268,19:49,143,125,1,0,100.0
2017,Jay Bouwmeester,33,,D,STL,/teams/STL/2017.html,81,1,14,15,6,28,1,0,0,0,13,1,0,106,0.9,1815,22:24,111,67,0,0,
2017,Brian Dumoulin,25,,D,PIT,/teams/PIT/2017.html,70,1,14,15,0,14,1,0,0,0,10,4,0,78,1.3,1438,20:33,99,113,0,0,
2017,Benoit Pouliot,30,,LW,EDM,/teams/EDM/2017.html,67,8,6,14,-5,34,8,0,0,1,6,0,0,77,10.4,942,14:03,39,39,7,21,25.0
2017,Nick Bjugstad,24,,C,FLA,/teams/FLA/2017.html,54,7,7,14,-19,22,6,1,0,1,5,2,0,91,7.7,710,13:09,9,72,186,205,47.6
2017,Tim Schaller,26,,C,BOS,/teams/BOS/2017.html,59,7,7,14,-6,23,7,0,0,2,7,0,0,89,7.9,724,12:16,38,73,28,29,49.1
2017,David Desharnais,30,,C,TOT,,49,6,8,14,4,12,6,0,0,1,6,2,0,46,13.0,610,12:28,15,5,170,162,51.2
2017,Vinnie Hinostroza,22,,LW,CHI,/teams/CHI/2017.html,49,6,8,14,-1,17,6,0,0,2,8,0,0,76,7.9,587,11:59,19,31,68,103,39.8
2017,Carl Soderberg,31,,C,COL,/teams/COL/2017.html,80,6,8,14,-26,22,5,1,0,0,7,1,0,128,4.7,1076,13:27,42,34,365,337,52.0
2017,Anthony DeAngelo,21,,D,ARI,/teams/ARI/2017.html,39,5,9,14,-13,37,3,2,0,1,3,6,0,60,8.3,667,17:06,48,31,0,0,
2017,Kevin Bieksa,35,,D,ANA,/teams/ANA/2017.html,81,3,11,14,0,63,2,1,0,1,9,2,0,94,3.2,1519,18:45,100,173,0,0,
2017,Luke Glendening,27,,C,DET,/teams/DET/2017.html,74,3,11,14,-10,26,3,0,0,0,10,1,0,76,3.9,956,12:55,62,150,307,261,54.0
2017,Travis Hamonic,26,,D,NYI,/teams/NYI/2017.html,49,3,11,14,-21,60,3,0,0,0,10,1,0,74,4.1,1002,20:27,108,58,0,0,
2017,Matt Irwin,29,,D,NSH,/teams/NSH/2017.html,74,3,11,14,15,26,3,0,0,1,9,0,2,98,3.1,1204,16:16,121,115,0,0,
2017,Kevin Klein,32,,D,NYR,/teams/NYR/2017.html,60,3,11,14,5,31,3,0,0,0,9,1,1,54,5.6,1058,17:38,123,135,0,0,
2017,Andrej Sustr,26,,D,TBL,/teams/TBL/2017.html,80,3,11,14,-10,43,3,0,0,1,11,0,0,93,3.2,1407,17:35,102,45,0,1,0.0
2017,Toby Enstrom,32,,D,WPG,/teams/WPG/2017.html,60,1,13,14,-7,42,0,0,1,0,7,6,0,46,2.2,1314,21:54,94,24,0,0,
2017,Alex Petrovic,24,,D,FLA,/teams/FLA/2017.html,49,1,13,14,-1,79,1,0,0,0,13,0,0,55,1.8,889,18:09,55,106,0,0,
2017,Paul Postma,27,,D,WPG,/teams/WPG/2017.html,65,1,13,14,3,15,1,0,0,0,13,0,0,50,2.0,706,10:51,42,36,0,0,
2017,Brooks Orpik,36,,D,WSH,/teams/WSH/2017.html,79,0,14,14,32,48,0,0,0,0,14,0,0,93,0.0,1405,17:47,132,181,0,0,
2017,Magnus Paajarvi,25,,LW,STL,/teams/STL/2017.html,32,8,5,13,9,6,7,1,0,3,5,0,0,51,15.7,389,12:09,16,29,1,2,33.3
2017,Matthew Nieto,24,,LW,TOT,,59,7,6,13,-12,8,7,0,0,1,5,0,1,85,8.2,881,14:55,34,40,2,4,33.3
2017,Ryan Reaves,30,,RW,STL,/teams/STL/2017.html,80,7,6,13,4,104,7,0,0,1,6,0,0,58,12.1,711,8:53,26,239,0,5,0.0
2017,Lukas Sedlak,23,,LW,CBJ,/teams/CBJ/2017.html,62,7,6,13,10,25,6,0,1,0,6,0,0,57,12.3,603,9:43,28,66,232,211,52.4
2017,Oliver Bjorkstrand,21,,RW,CBJ,/teams/CBJ/2017.html,26,6,7,13,4,6,6,0,0,2,7,0,0,55,10.9,366,14:05,9,14,1,0,100.0
2017,Colin Miller,24,,D,BOS,/teams/BOS/2017.html,61,6,7,13,0,55,5,1,0,0,6,1,0,85,7.1,965,15:49,36,85,0,0,
2017,Jordan Schroeder,26,,C,MIN,/teams/MIN/2017.html,37,6,7,13,5,0,6,0,0,0,7,0,0,37,16.2,362,9:47,15,29,19,21,47.5
2017,Austin Czarnik,24,,C,BOS,/teams/BOS/2017.html,49,5,8,13,-10,12,5,0,0,1,5,3,0,66,7.6,638,13:01,25,19,57,76,42.9
2017,Tyler Ennis,27,,LW,BUF,/teams/BUF/2017.html,51,5,8,13,-10,12,5,0,0,1,5,3,0,89,5.6,655,12:50,23,45,3,13,18.8
2017,Justin Braun,29,,D,SJS,/teams/SJS/2017.html,81,4,9,13,1,28,4,0,0,0,7,0,2,95,4.2,1626,20:05,161,136,0,0,
2017,Andy Greene,34,,D,NJD,/teams/NJD/2017.html,66,4,9,13,-15,8,2,1,1,1,6,3,0,83,4.8,1448,21:57,124,50,0,0,
2017,Nick Jensen,26,,D,DET,/teams/DET/2017.html,49,4,9,13,-7,12,4,0,0,0,8,0,1,59,6.8,870,17:45,56,55,0,0,
2017,Marco Scandella,26,,D,MIN,/teams/MIN/2017.html,71,4,9,13,-2,25,4,0,0,0,9,0,0,88,4.5,1302,18:20,85,50,0,0,
2017,Karl Alzner,28,,D,WSH,/teams/WSH/2017.html,82,3,10,13,23,28,3,0,0,0,10,0,0,81,3.7,1623,19:47,162,105,0,0,
2017,Kevan Miller,29,,D,BOS,/teams/BOS/2017.html,58,3,10,13,1,50,3,0,0,1,9,0,1,49,6.1,1032,17:48,76,121,0,0,
2017,Mark Barberio,26,,D,TOT,,60,2,11,13,-5,14,1,1,0,0,8,3,0,80,2.5,1096,18:16,55,20,0,0,
2017,Niklas Kronwall,36,,D,DET,/teams/DET/2017.html,57,2,11,13,-7,32,2,0,0,0,5,6,0,67,3.0,1109,19:27,81,77,0,0,
2017,Luca Sbisa,27,,D,VAN,/teams/VAN/2017.html,82,2,11,13,-1,40,2,0,0,1,11,0,0,75,2.7,1556,18:59,122,130,0,0,
2017,Riley Sheahan,25,,C,DET,/teams/DET/2017.html,80,2,11,13,-29,14,1,1,0,0,9,2,0,109,1.8,1118,13:58,38,81,236,230,50.6
2017,Nic Petan,21,,LW,WPG,/teams/WPG/2017.html,54,1,12,13,-13,12,1,0,0,0,4,8,0,57,1.8,589,10:54,10,12,145,170,46.0
2017,Kris Russell,29,,D,EDM,/teams/EDM/2017.html,68,1,12,13,5,23,1,0,0,1,11,1,0,68,1.5,1443,21:13,213,67,0,0,
2017,Fedor Tyutin,33,,D,COL,/teams/COL/2017.html,69,1,12,13,-25,38,1,0,0,0,12,0,0,46,2.2,1307,18:56,90,116,0,0,
2017,Shawn Matthias,28,,LW,WPG,/teams/WPG/2017.html,45,8,4,12,0,13,7,0,1,1,4,0,0,51,15.7,610,13:34,19,47,5,11,31.3
2017,Jordan Weal,24,,C,PHI,/teams/PHI/2017.html,23,8,4,12,5,10,7,1,0,1,4,0,0,49,16.3,329,14:19,8,7,14,14,50.0
2017,Joakim Nordstrom,24,,LW,CAR,/teams/CAR/2017.html,82,7,5,12,-12,17,6,0,1,2,5,0,0,104,6.7,1043,12:43,41,148,9,20,31.0
2017,Tommy Wingels,28,,C,TOT,,73,7,5,12,-11,27,7,0,0,2,5,0,0,81,8.6,767,10:30,46,125,111,149,42.7
2017,Kyle Clifford,26,,LW,LAK,/teams/LAK/2017.html,73,6,6,12,-2,92,6,0,0,0,6,0,0,122,4.9,783,10:43,7,146,2,3,40.0
2017,Ivan Barbashev,21,,C,STL,/teams/STL/2017.html,30,5,7,12,5,2,5,0,0,1,7,0,0,20,25.0,354,11:47,14,34,83,124,40.1
2017,Braydon Coburn,31,,D,TBL,/teams/TBL/2017.html,80,5,7,12,-1,50,4,0,1,0,7,0,0,102,4.9,1339,16:44,76,109,0,0,
2017,Lawson Crouse,19,,LW,ARI,/teams/ARI/2017.html,72,5,7,12,-20,48,4,0,1,2,7,0,0,84,6.0,856,11:53,29,160,1,1,50.0
2017,Peter Holland,26,,C,TOT,,48,5,7,12,-16,22,4,1,0,0,7,0,0,79,6.3,612,12:45,9,37,228,274,45.4
2017,Chris Kelly,36,,C,OTT,/teams/OTT/2017.html,82,5,7,12,-16,23,4,0,1,2,7,0,0,85,5.9,979,11:56,48,71,223,278,44.5
2017,Danny DeKeyser,26,,D,DET,/teams/DET/2017.html,82,4,8,12,-22,33,4,0,0,2,8,0,0,85,4.7,1800,21:57,170,100,0,0,
2017,Josh Jooris,26,,RW,TOT,,54,4,8,12,-2,16,4,0,0,0,7,0,1,75,5.3,659,12:12,30,49,222,228,49.3
2017,Devin Setoguchi,30,,RW,LAK,/teams/LAK/2017.html,45,4,8,12,-5,14,4,0,0,0,7,1,0,60,6.7,560,12:27,10,53,2,2,50.0
2017,Patrick Wiercioch,26,,D,COL,/teams/COL/2017.html,57,4,8,12,-18,23,4,0,0,0,8,0,0,63,6.3,950,16:40,57,52,1,0,100.0
2017,Cody Eakin,25,,C,DAL,/teams/DAL/2017.html,60,3,9,12,-7,49,3,0,0,1,7,2,0,82,3.7,1009,16:49,39,65,524,477,52.3
2017,Brandon Manning,26,,D,PHI,/teams/PHI/2017.html,65,3,9,12,-12,83,2,0,1,1,9,0,0,84,3.6,1174,18:03,79,121,0,1,0.0
2017,Xavier Ouellet,23,,D,DET,/teams/DET/2017.html,66,3,9,12,2,51,3,0,0,0,9,0,0,89,3.4,1186,17:58,87,73,0,2,0.0
2017,Ben Chiarot,25,,D,WPG,/teams/WPG/2017.html,59,2,10,12,2,33,2,0,0,0,10,0,0,49,4.1,904,15:19,94,78,0,0,
2017,Micheal Haley,30,,C,SJS,/teams/SJS/2017.html,58,2,10,12,6,128,2,0,0,1,10,0,0,37,5.4,532,9:11,23,129,66,83,44.3
2017,Marc Methot,31,,D,OTT,/teams/OTT/2017.html,68,0,12,12,13,24,0,0,0,0,12,0,0,69,0.0,1348,19:49,77,164,0,0,
2017,Tyler Pitlick,25,,RW,EDM,/teams/EDM/2017.html,31,8,3,11,0,6,8,0,0,1,3,0,0,54,14.8,308,9:55,13,70,8,7,53.3
2017,Michael Raffl,28,,LW,PHI,/teams/PHI/2017.html,52,8,3,11,-7,20,8,0,0,3,3,0,0,63,12.7,690,13:16,22,91,3,7,30.0
2017,Eric Fehr,31,,C,TOT,,53,6,5,11,2,14,6,0,0,3,5,0,0,62,9.7,579,10:56,35,82,79,76,51.0
2017,Johan Larsson,24,,C,BUF,/teams/BUF/2017.html,36,6,5,11,-7,20,5,1,0,2,5,0,0,49,12.2,607,16:51,23,33,261,271,49.1
2017,Darnell Nurse,21,,D,EDM,/teams/EDM/2017.html,44,5,6,11,0,33,5,0,0,0,6,0,0,85,5.9,749,17:01,53,107,0,0,
2017,Marko Dano,22,,C,WPG,/teams/WPG/2017.html,38,4,7,11,0,10,2,2,0,0,7,0,0,44,9.1,406,10:41,14,83,1,3,25.0
2017,Roman Polak,30,,D,TOR,/teams/TOR/2017.html,75,4,7,11,10,65,4,0,0,1,7,0,0,64,6.3,1344,17:55,133,232,0,1,0.0
2017,Fredrik Claesson,24,,D,OTT,/teams/OTT/2017.html,33,3,8,11,5,4,3,0,0,0,7,0,1,25,12.0,434,13:08,24,55,0,0,
2017,Jiri Hudler,33,,RW,DAL,/teams/DAL/2017.html,32,3,8,11,-3,4,2,1,0,1,8,0,0,27,11.1,379,11:51,3,9,3,2,60.0
2017,Zach Bogosian,26,,D,BUF,/teams/BUF/2017.html,56,2,9,11,-17,46,2,0,0,1,8,1,0,73,2.7,1125,20:05,97,59,0,1,0.0
2017,Adam Clendening,24,,D,NYR,/teams/NYR/2017.html,31,2,9,11,3,17,1,1,0,0,8,1,0,38,5.3,490,15:49,27,22,0,0,
2017,Ryan Murray,23,,D,CBJ,/teams/CBJ/2017.html,60,2,9,11,3,24,2,0,0,0,7,1,1,52,3.8,1100,18:20,96,23,0,0,
2017,Dmitrij Jaskin,23,,RW,STL,/teams/STL/2017.html,51,1,10,11,5,18,1,0,0,0,10,0,0,55,1.8,589,11:33,19,98,5,5,50.0
2017,Jake Dotchin,22,,D,TBL,/teams/TBL/2017.html,35,0,11,11,10,35,0,0,0,0,11,0,0,50,0.0,645,18:26,19,85,0,0,
2017,Stefan Noesen,23,,RW,TOT,,44,8,2,10,6,24,8,0,0,0,2,0,0,63,12.7,490,11:08,10,50,26,41,38.8
2017,Colton Sissons,23,,C,NSH,/teams/NSH/2017.html,58,8,2,10,11,12,7,0,1,1,2,0,0,42,19.0,645,11:07,24,104,192,192,50.0
2017,Reid Boucher,23,,C/LW,TOT,,39,6,4,10,-6,8,5,1,0,0,4,0,0,70,8.6,465,11:56,14,19,0,1,0.0
2017,Brian Flynn,28,,C,MTL,/teams/MTL/2017.html,51,6,4,10,2,4,6,0,0,0,4,0,0,47,12.8,615,12:04,29,20,69,80,46.3
2017,Denis Malgin,20,,C,FLA,/teams/FLA/2017.html,47,6,4,10,-5,8,4,2,0,1,4,0,0,67,9.0,528,11:14,15,34,67,117,36.4
2017,Joseph Cramarossa,24,,LW,TOT,,59,4,6,10,0,60,4,0,0,1,4,0,2,36,11.1,587,9:57,23,133,6,1,85.7
2017,Joshua Ho-Sang,21,,RW,NYI,/teams/NYI/2017.html,21,4,6,10,1,12,3,1,0,0,5,1,0,22,18.2,346,16:27,2,4,0,2,0.0
2017,Stephen Johns,24,,D,DAL,/teams/DAL/2017.html,61,4,6,10,-10,36,4,0,0,1,5,1,0,91,4.4,1114,18:15,130,159,0,0,
2017,Cedric Paquette,23,,C,TBL,/teams/TBL/2017.html,58,4,6,10,-6,80,4,0,0,0,6,0,0,68,5.9,668,11:31,46,144,200,234,46.1
2017,Anton Slepyshev,22,,LW,EDM,/teams/EDM/2017.html,41,4,6,10,5,4,4,0,0,0,6,0,0,55,7.3,456,11:07,15,64,2,3,40.0
2017,Adam Pelech,22,,D,NYI,/teams/NYI/2017.html,44,3,7,10,-5,6,3,0,0,0,7,0,0,40,7.5,741,16:50,68,73,0,0,
2017,Logan Shaw,25,,RW,ANA,/teams/ANA/2017.html,55,3,7,10,3,10,2,0,1,1,6,0,1,59,5.1,534,9:43,18,62,55,90,37.9
2017,Marc Staal,30,,D,NYR,/teams/NYR/2017.html,72,3,7,10,9,34,3,0,0,0,6,0,1,70,4.3,1381,19:11,97,89,0,1,0.0
2017,Brenden Dillon,26,,D,SJS,/teams/SJS/2017.html,81,2,8,10,-2,60,2,0,0,0,8,0,0,86,2.3,1334,16:28,81,173,0,0,
2017,Alexei Emelin,30,,D,MTL,/teams/MTL/2017.html,76,2,8,10,1,71,2,0,0,0,8,0,0,82,2.4,1620,21:19,127,241,0,0,
2017,Josh Leivo,23,,LW,TOR,/teams/TOR/2017.html,13,2,8,10,2,4,1,1,0,0,6,2,0,27,7.4,163,12:34,4,5,1,1,50.0
2017,Adam McQuaid,30,,D,BOS,/teams/BOS/2017.html,77,2,8,10,4,71,2,0,0,1,7,0,1,64,3.1,1405,18:15,144,157,0,0,
2017,Chad Ruhwedel,26,,D,PIT,/teams/PIT/2017.html,34,2,8,10,9,8,2,0,0,0,5,3,0,45,4.4,589,17:20,26,36,0,0,
2017,Chris Tanev,27,,D,VAN,/teams/VAN/2017.html,53,2,8,10,3,14,2,0,0,1,8,0,0,39,5.1,1078,20:21,91,19,0,0,
2017,Jacob Josefson,25,,C,NJD,/teams/NJD/2017.html,38,1,9,10,-1,16,1,0,0,1,8,1,0,44,2.3,465,12:15,12,31,162,151,51.8
2017,Nikita Zadorov,21,,D,COL,/teams/COL/2017.html,56,0,10,10,-20,73,0,0,0,0,8,2,0,61,0.0,1066,19:02,69,153,0,0,
2017,Tyler Graovac,23,,C,MIN,/teams/MIN/2017.html,52,7,2,9,7,10,7,0,0,2,2,0,0,48,14.6,512,9:50,15,52,163,180,47.5
2017,Matt Puempel,24,,LW,TOT,,40,6,3,9,-11,11,3,3,0,1,3,0,0,44,13.6,386,9:39,12,28,0,1,0.0
2017,Matt Martin,27,,LW,TOR,/teams/TOR/2017.html,82,5,4,9,0,123,5,0,0,0,4,0,0,66,7.6,730,8:54,26,300,0,11,0.0
2017,Brad Richardson,31,,RW,ARI,/teams/ARI/2017.html,16,5,4,9,-1,15,3,0,2,0,3,0,1,25,20.0,246,15:21,7,19,121,109,52.6
2017,Jack Skille,29,,RW,VAN,/teams/VAN/2017.html,55,5,4,9,0,12,5,0,0,0,4,0,0,73,6.8,484,8:48,24,74,2,0,100.0
2017,Nikita Soshnikov,23,,RW,TOR,/teams/TOR/2017.html,56,5,4,9,1,16,5,0,0,0,3,1,0,70,7.1,608,10:51,28,101,2,15,11.8
2017,Devante Smith-Pelly,24,,RW,NJD,/teams/NJD/2017.html,53,4,5,9,-18,12,4,0,0,0,3,2,0,76,5.3,716,13:30,32,94,29,42,40.8
2017,Joseph Blandisi,22,,LW,NJD,/teams/NJD/2017.html,27,3,6,9,-10,26,2,1,0,2,2,4,0,24,12.5,361,13:22,6,37,76,93,45.0
2017,Brendan Smith,27,,D,TOT,,51,3,6,9,1,63,2,1,0,1,4,2,0,62,4.8,981,19:15,65,59,0,0,
2017,Nail Yakupov,23,,RW,STL,/teams/STL/2017.html,40,3,6,9,-3,14,3,0,0,0,6,0,0,35,8.6,426,10:39,8,32,0,0,
2017,Daniel Carr,25,,LW,MTL,/teams/MTL/2017.html,33,2,7,9,4,6,2,0,0,1,7,0,0,44,4.5,338,10:15,12,19,2,1,66.7
2017,Scott Mayfield,24,,D,NYI,/teams/NYI/2017.html,25,2,7,9,-1,35,2,0,0,0,7,0,0,39,5.1,354,14:08,36,37,0,0,
2017,Johnny Oduya,35,,D,TOT,,52,2,7,9,-4,18,2,0,0,0,7,0,0,37,5.4,950,18:16,123,29,0,0,
2017,Michael Sgarbossa,24,,C,TOT,,38,2,7,9,-5,9,1,1,0,0,6,1,0,33,6.1,424,11:09,16,39,138,176,43.9
2017,Shea Theodore,21,,D,ANA,/teams/ANA/2017.html,34,2,7,9,-6,28,1,1,0,1,5,1,1,60,3.3,589,17:19,30,14,0,0,
2017,Nikita Tryamkin,22,,D,VAN,/teams/VAN/2017.html,66,2,7,9,-7,64,2,0,0,0,7,0,0,65,3.1,1105,16:44,87,145,0,0,
2017,Jonathan Ericsson,32,,D,DET,/teams/DET/2017.html,51,1,8,9,-2,63,1,0,0,0,8,0,0,43,2.3,980,19:13,36,86,0,0,
2017,Jason Garrison,32,,D,TBL,/teams/TBL/2017.html,70,1,8,9,-8,14,1,0,0,0,8,0,0,96,1.0,1300,18:34,91,93,0,0,
2017,Greg Pateryn,26,,D,TOT,,36,1,8,9,-1,10,1,0,0,0,8,0,0,42,2.4,555,15:25,66,69,0,0,
2017,Yanni Gourde,25,,C,TBL,/teams/TBL/2017.html,20,6,2,8,-1,8,5,0,1,1,2,0,0,30,20.0,307,15:22,3,11,60,103,36.8
2017,William Carrier,22,,LW,BUF,/teams/BUF/2017.html,41,5,3,8,-1,21,5,0,0,1,3,0,0,50,10.0,369,9:00,10,112,1,1,50.0
2017,Jay McClement,33,,C,CAR,/teams/CAR/2017.html,65,5,3,8,-8,18,4,0,1,1,3,0,0,37,13.5,740,11:23,40,49,253,272,48.2
2017,Pierre-Edouard Bellemare,31,,LW,PHI,/teams/PHI/2017.html,82,4,4,8,-1,20,4,0,0,0,3,0,1,90,4.4,1064,12:58,70,73,400,429,48.3
2017,Michael Chaput,24,,C,VAN,/teams/VAN/2017.html,68,4,4,8,-12,29,4,0,0,0,4,0,0,64,6.3,750,11:01,29,68,203,182,52.7
2017,Joe Colborne,27,,C,COL,/teams/COL/2017.html,62,4,4,8,-21,34,2,2,0,0,3,1,0,48,8.3,663,10:42,14,86,45,72,38.5
2017,Jayson Megna,26,,C,VAN,/teams/VAN/2017.html,58,4,4,8,-4,6,4,0,0,0,3,1,0,72,5.6,721,12:26,23,87,2,14,12.5
2017,Jordan Nolan,27,,C,LAK,/teams/LAK/2017.html,46,4,4,8,-3,44,4,0,0,0,4,0,0,39,10.3,499,10:51,7,62,2,4,33.3
2017,Dennis Rasmussen,26,,C,CHI,/teams/CHI/2017.html,68,4,4,8,-4,12,4,0,0,0,4,0,0,77,5.2,804,11:50,49,61,165,205,44.6
2017,Zachary Sanford,22,,LW/C,TOT,,39,4,4,8,2,10,4,0,0,2,4,0,0,36,11.1,423,10:51,20,22,17,22,43.6
2017,Matt Beleskey,28,,LW,BOS,/teams/BOS/2017.html,49,3,5,8,-10,47,3,0,0,0,3,2,0,79,3.8,650,13:16,18,98,29,41,41.4
2017,Connor Carrick,22,,D,TOR,/teams/TOR/2017.html,67,2,6,8,8,51,1,1,0,0,6,0,0,89,2.2,1095,16:20,79,66,0,0,
2017,Christian Folin,25,,D,MIN,/teams/MIN/2017.html,51,2,6,8,10,26,2,0,0,0,6,0,0,39,5.1,762,14:56,59,69,0,0,
2017,Michal Kempny,26,,D,CHI,/teams/CHI/2017.html,50,2,6,8,1,22,2,0,0,0,6,0,0,67,3.0,748,14:58,59,76,0,0,
2017,Dylan DeMelo,23,,D,SJS,/teams/SJS/2017.html,25,1,7,8,2,14,1,0,0,0,7,0,0,32,3.1,397,15:54,32,36,0,0,
2017,Alexey Marchenko,25,,D,TOT,,41,1,7,8,7,12,1,0,0,0,6,0,1,36,2.8,695,16:57,59,22,0,0,
2017,Jesse Puljujarvi,18,,RW,EDM,/teams/EDM/2017.html,28,1,7,8,5,10,0,1,0,0,7,0,0,41,2.4,315,11:15,10,11,0,1,0.0
2017,Luke Schenn,27,,D,ARI,/teams/ARI/2017.html,78,1,7,8,-9,85,1,0,0,0,7,0,0,94,1.1,1408,18:03,134,286,0,0,
2017,Yannick Weber,28,,D,NSH,/teams/NSH/2017.html,73,1,7,8,1,25,1,0,0,1,7,0,0,72,1.4,870,11:55,53,72,0,0,
2017,Justin Falk,28,,D,BUF,/teams/BUF/2017.html,52,0,8,8,-3,29,0,0,0,0,8,0,0,33,0.0,712,13:42,40,101,1,0,100.0
2017,Paul Ladue,24,,D,LAK,/teams/LAK/2017.html,22,0,8,8,-5,4,0,0,0,0,4,4,0,27,0.0,339,15:24,13,17,0,0,
2017,Chris Wagner,25,,C,ANA,/teams/ANA/2017.html,43,6,1,7,2,6,6,0,0,0,1,0,0,40,15.0,402,9:21,24,112,62,86,41.9
2017,Drew Miller,32,,LW,DET,/teams/DET/2017.html,55,5,2,7,-12,18,5,0,0,1,2,0,0,43,11.6,565,10:17,52,71,2,1,66.7
2017,Jamie Oleksiak,24,,D,DAL,/teams/DAL/2017.html,41,5,2,7,-4,37,5,0,0,1,1,0,1,33,15.2,665,16:13,53,51,0,0,
2017,Ales Hemsky,33,,RW,DAL,/teams/DAL/2017.html,15,4,3,7,-1,0,3,1,0,0,2,1,0,30,13.3,216,14:25,4,1,0,0,
2017,Matt Hendricks,35,,LW,EDM,/teams/EDM/2017.html,42,4,3,7,-3,29,4,0,0,1,3,0,0,42,9.5,451,10:45,39,79,132,100,56.9
2017,Nick Lappin,24,,RW,NJD,/teams/NJD/2017.html,43,4,3,7,-17,17,4,0,0,0,3,0,0,57,7.0,504,11:43,10,35,2,5,28.6
2017,Tyler Motte,21,,LW,CHI,/teams/CHI/2017.html,33,4,3,7,2,14,4,0,0,0,3,0,0,46,8.7,376,11:23,24,27,4,6,40.0
2017,Lance Bouma,26,,C,CGY,/teams/CGY/2017.html,61,3,4,7,-2,35,3,0,0,1,4,0,0,53,5.7,692,11:21,44,127,4,8,33.3
2017,Joel Eriksson Ek,20,,LW,MIN,/teams/MIN/2017.html,15,3,4,7,1,4,3,0,0,1,4,0,0,15,20.0,159,10:37,8,23,45,64,41.3
2017,Andreas Martinsen,26,,LW,TOT,,64,3,4,7,-14,32,3,0,0,0,3,0,1,73,4.1,637,9:57,28,173,3,1,75.0
2017,Greg McKegg,24,,C,TOT,,46,3,4,7,-3,22,3,0,0,0,4,0,0,36,8.3,456,9:54,16,48,90,90,50.0
2017,John Mitchell,32,,C,COL,/teams/COL/2017.html,65,3,4,7,-12,45,3,0,0,1,4,0,0,57,5.3,816,12:33,45,88,298,240,55.4
2017,Steve Ott,34,,C,TOT,,53,3,4,7,-8,80,3,0,0,0,4,0,0,45,6.7,570,10:46,23,144,153,125,55.0
2017,Carter Rowney,27,,RW,PIT,/teams/PIT/2017.html,27,3,4,7,2,4,3,0,0,1,4,0,0,24,12.5,296,10:58,15,64,95,103,48.0
2017,Korbinian Holzer,28,,D,ANA,/teams/ANA/2017.html,32,2,5,7,0,23,2,0,0,0,5,0,0,14,14.3,432,13:31,34,71,0,0,
2017,Markus Nutivaara,22,,D,CBJ,/teams/CBJ/2017.html,66,2,5,7,7,6,2,0,0,0,5,0,0,66,3.0,872,13:13,38,36,0,0,
2017,Nate Prosser,30,,D,MIN,/teams/MIN/2017.html,39,2,5,7,0,12,2,0,0,0,4,1,0,20,10.0,496,12:44,63,30,0,0,
2017,Steven Santini,21,,D,NJD,/teams/NJD/2017.html,38,2,5,7,-6,14,2,0,0,0,5,0,0,46,4.3,611,16:05,35,83,0,0,
2017,Phillip Di Giuseppe,23,,LW,CAR,/teams/CAR/2017.html,36,1,6,7,-12,15,1,0,0,1,5,1,0,68,1.5,443,12:18,10,91,0,2,0.0
2017,Remi Elie,21,,LW,DAL,/teams/DAL/2017.html,18,1,6,7,5,8,1,0,0,0,6,0,0,15,6.7,281,15:38,11,30,1,0,100.0
2017,Kevin Gravel,24,,D,LAK,/teams/LAK/2017.html,49,1,6,7,3,6,0,1,0,0,5,1,0,52,1.9,693,14:09,65,73,0,0,
2017,Ben Lovejoy,32,,D,NJD,/teams/NJD/2017.html,82,1,6,7,-7,39,1,0,0,1,6,0,0,84,1.2,1703,20:46,149,82,0,0,
2017,Olli Maatta,22,,D,PIT,/teams/PIT/2017.html,55,1,6,7,17,12,1,0,0,0,6,0,0,66,1.5,994,18:04,102,72,0,0,
2017,Martin Marincin,24,,D,TOR,/teams/TOR/2017.html,25,1,6,7,3,16,1,0,0,0,5,0,1,22,4.5,451,18:03,27,25,0,0,
2017,Jared McCann,20,,C,FLA,/teams/FLA/2017.html,29,1,6,7,-1,4,1,0,0,0,5,1,0,44,2.3,337,11:38,6,28,41,64,39.0
2017,Ryan Sproul,24,,D,DET,/teams/DET/2017.html,27,1,6,7,-8,6,0,1,0,0,4,2,0,46,2.2,409,15:09,14,12,0,0,
2017,Anthony Bitetto,26,,D,NSH,/teams/NSH/2017.html,29,0,7,7,-1,25,0,0,0,0,7,0,0,17,0.0,342,11:48,24,43,0,0,
2017,Taylor Fedun,28,,D,BUF,/teams/BUF/2017.html,27,0,7,7,3,16,0,0,0,0,4,3,0,24,0.0,361,13:22,20,7,0,0,
2017,Cody McLeod,32,,LW,TOT,,59,5,1,6,-3,145,5,0,0,0,1,0,0,30,16.7,423,7:10,14,150,0,1,0.0
2017,Roman Lyubimov,25,,LW,PHI,/teams/PHI/2017.html,47,4,2,6,-2,8,4,0,0,1,2,0,0,41,9.8,450,9:35,16,28,1,6,14.3
2017,Evan Rodrigues,23,,LW,BUF,/teams/BUF/2017.html,30,4,2,6,-7,4,3,1,0,0,2,0,0,51,7.8,388,12:56,12,12,104,146,41.6
2017,J.T. Brown,26,,RW,TBL,/teams/TBL/2017.html,64,3,3,6,-7,73,2,0,1,1,3,0,0,67,4.5,664,10:22,25,103,12,26,31.6
2017,Timo Meier,20,,RW,SJS,/teams/SJS/2017.html,34,3,3,6,1,10,3,0,0,1,3,0,0,85,3.5,424,12:28,5,64,1,4,20.0
2017,Gemel Smith,22,,C,DAL,/teams/DAL/2017.html,17,3,3,6,-1,21,2,0,1,0,3,0,0,19,15.8,231,13:35,6,6,25,34,42.4
2017,Jakub Vrana,20,,LW,WSH,/teams/WSH/2017.html,21,3,3,6,2,2,0,3,0,2,2,1,0,32,9.4,233,11:07,7,6,0,3,0.0
2017,Klas Dahlbeck,25,,D,CAR,/teams/CAR/2017.html,43,2,4,6,-12,30,2,0,0,0,4,0,0,37,5.4,597,13:53,38,77,0,0,
2017,Eric Gryba,28,,D,EDM,/teams/EDM/2017.html,40,2,4,6,-5,65,2,0,0,2,4,0,0,45,4.4,646,16:08,47,145,0,0,
2017,Adrian Kempe,20,,LW,LAK,/teams/LAK/2017.html,25,2,4,6,-3,6,2,0,0,1,1,2,1,32,6.3,306,12:14,7,23,67,86,43.8
2017,Brandon Montour,22,,D,ANA,/teams/ANA/2017.html,27,2,4,6,11,14,2,0,0,0,3,1,0,50,4.0,469,17:23,24,21,0,0,
2017,Stephen Gionta,33,,RW,NYI,/teams/NYI/2017.html,26,1,5,6,9,2,1,0,0,0,5,0,0,17,5.9,291,11:12,7,56,56,64,46.7
2017,Josh Gorges,32,,D,BUF,/teams/BUF/2017.html,66,1,5,6,-3,50,1,0,0,0,5,0,0,40,2.5,1218,18:27,108,143,0,1,0.0
2017,Erik Gudbranson,25,,D,VAN,/teams/VAN/2017.html,30,1,5,6,-14,18,1,0,0,1,5,0,0,40,2.5,610,20:20,44,66,0,0,
2017,Brad Hunt,28,,D,TOT,,12,1,5,6,-1,2,0,1,0,0,4,1,0,14,7.1,174,14:30,3,0,0,0,
2017,Jyrki Jokipakka,25,,D,TOT,,41,1,5,6,-4,12,1,0,0,0,5,0,0,29,3.4,592,14:26,32,31,0,0,
2017,Philip Larsen,27,,D,VAN,/teams/VAN/2017.html,26,1,5,6,-8,4,1,0,0,0,3,2,0,32,3.1,428,16:28,22,12,0,0,
2017,Jonathon Merrill,24,,D,NJD,/teams/NJD/2017.html,51,1,5,6,-9,24,1,0,0,0,5,0,0,48,2.1,947,18:34,67,39,0,0,
2017,Carl Gunnarsson,30,,D,STL,/teams/STL/2017.html,56,0,6,6,-5,4,0,0,0,0,6,0,0,32,0.0,761,13:36,68,42,0,0,
2017,Dalton Prout,26,,D,TOT,,29,0,6,6,-1,44,0,0,0,0,6,0,0,13,0.0,405,13:58,24,44,0,0,
2017,Matt Tennyson,26,,D,CAR,/teams/CAR/2017.html,45,0,6,6,-13,6,0,0,0,0,6,0,0,36,0.0,598,13:17,48,65,0,0,
2017,Brock Boeser,19,,RW,VAN,/teams/VAN/2017.html,9,4,1,5,0,0,2,2,0,1,1,0,0,25,16.0,146,16:13,0,5,0,0,
2017,J.T. Compher,21,,LW,COL,/teams/COL/2017.html,21,3,2,5,0,4,2,1,0,1,2,0,0,30,10.0,314,14:56,21,11,78,86,47.6
2017,Noel Acciari,25,,C,BOS,/teams/BOS/2017.html,29,2,3,5,3,16,2,0,0,0,3,0,0,24,8.3,301,10:22,5,80,11,18,37.9
2017,Kyle Connor,20,,LW,WPG,/teams/WPG/2017.html,20,2,3,5,-7,4,2,0,0,1,1,2,0,24,8.3,244,12:13,8,1,1,1,50.0
2017,Gustav Forsling,20,,D,CHI,/teams/CHI/2017.html,38,2,3,5,3,4,2,0,0,0,2,1,0,48,4.2,563,14:49,17,16,0,0,
2017,Jimmy Hayes,27,,RW,BOS,/teams/BOS/2017.html,58,2,3,5,-3,29,2,0,0,1,3,0,0,74,2.7,535,9:14,10,74,14,41,25.5
2017,Dmitry Kulikov,26,,D,BUF,/teams/BUF/2017.html,47,2,3,5,-26,26,1,1,0,0,1,2,0,42,4.8,1029,21:54,72,60,0,0,
2017,Tyler Myers,26,,D,WPG,/teams/WPG/2017.html,11,2,3,5,5,13,2,0,0,0,2,0,1,16,12.5,244,22:12,21,12,0,0,
2017,Taylor Chorney,29,,D,WSH,/teams/WSH/2017.html,18,1,4,5,8,11,1,0,0,1,4,0,0,19,5.3,257,14:16,29,27,0,0,
2017,Tom Gilbert,34,,D,LAK,/teams/LAK/2017.html,18,1,4,5,-4,6,1,0,0,0,3,1,0,12,8.3,278,15:27,28,10,0,0,
2017,Garnet Hathaway,25,,RW,CGY,/teams/CGY/2017.html,26,1,4,5,0,44,1,0,0,0,4,0,0,22,4.5,238,9:08,14,56,10,9,52.6
2017,Julius Honka,21,,D,DAL,/teams/DAL/2017.html,16,1,4,5,-4,4,1,0,0,1,3,1,0,34,2.9,270,16:52,15,9,0,0,
2017,Michael McCarron,21,,RW,MTL,/teams/MTL/2017.html,31,1,4,5,-4,41,1,0,0,0,4,0,0,31,3.2,307,9:53,11,75,76,99,43.4
2017,Andrej Nestrasil,25,,C,CAR,/teams/CAR/2017.html,19,1,4,5,-3,2,1,0,0,0,4,0,0,27,3.7,207,10:54,6,10,3,7,30.0
2017,Brendan Gaunce,22,,LW,VAN,/teams/VAN/2017.html,57,0,5,5,-2,33,0,0,0,0,5,0,0,51,0.0,541,9:29,12,94,84,80,51.2
2017,Cody Goloubef,27,,D,COL,/teams/COL/2017.html,33,0,5,5,-11,25,0,0,0,0,5,0,0,35,0.0,561,16:59,33,30,0,0,
2017,Seth Griffith,24,,C,TOT,,24,0,5,5,6,8,0,0,0,0,4,1,0,21,0.0,306,12:44,5,30,2,6,25.0
2017,John-Michael Liles,36,,D,BOS,/teams/BOS/2017.html,36,0,5,5,1,4,0,0,0,0,2,3,0,36,0.0,583,16:12,41,25,2,0,100.0
2017,Zach Redmond,28,,D,MTL,/teams/MTL/2017.html,16,0,5,5,6,2,0,0,0,0,5,0,0,12,0.0,197,12:19,13,25,0,0,
2017,Nicholas Baptiste,21,,RW,BUF,/teams/BUF/2017.html,14,3,1,4,1,6,3,0,0,0,1,0,0,16,18.8,129,9:14,1,12,1,2,33.3
2017,Chris Thorburn,33,,RW,WPG,/teams/WPG/2017.html,64,3,1,4,-7,95,2,0,1,0,1,0,0,36,8.3,446,6:59,25,90,13,13,50.0
2017,Yohann Auvitu,27,,D,NJD,/teams/NJD/2017.html,25,2,2,4,1,2,2,0,0,0,1,1,0,54,3.7,390,15:36,9,20,0,0,
2017,Justin Bailey,21,,RW,BUF,/teams/BUF/2017.html,32,2,2,4,0,4,2,0,0,1,2,0,0,36,5.6,340,10:38,14,27,0,1,0.0
2017,Ryan Callahan,31,,RW,TBL,/teams/TBL/2017.html,18,2,2,4,-4,23,2,0,0,1,2,0,0,22,9.1,255,14:09,13,48,5,4,55.6
2017,Ryan Carpenter,26,,C,SJS,/teams/SJS/2017.html,11,2,2,4,5,4,2,0,0,0,2,0,0,20,10.0,114,10:23,2,15,34,41,45.3
2017,Gabriel Dumont,26,,C,TBL,/teams/TBL/2017.html,39,2,2,4,1,29,2,0,0,0,2,0,0,34,5.9,377,9:40,19,83,133,109,55.0
2017,Vernon Fiddler,36,,LW,TOT,,59,2,2,4,-14,66,1,0,1,0,2,0,0,48,4.2,687,11:39,33,57,370,316,53.9
2017,Sergey Kalinin,25,,C,NJD,/teams/NJD/2017.html,43,2,2,4,-13,15,2,0,0,0,2,0,0,38,5.3,550,12:48,20,53,72,102,41.4
2017,Brayden McNabb,26,,D,LAK,/teams/LAK/2017.html,49,2,2,4,1,54,2,0,0,0,2,0,0,47,4.3,738,15:04,54,110,0,0,
2017,Iiro Pakarinen,25,,RW,EDM,/teams/EDM/2017.html,14,2,2,4,2,2,2,0,0,1,2,0,0,15,13.3,125,8:55,6,30,0,1,0.0
2017,Ben Smith,28,,RW,TOT,,40,2,2,4,-7,4,2,0,0,0,2,0,0,30,6.7,459,11:28,41,29,241,227,51.5
2017,Mark Stuart,32,,D,WPG,/teams/WPG/2017.html,42,2,2,4,4,27,2,0,0,1,2,0,0,24,8.3,523,12:27,79,68,0,0,
2017,Brandon Tanev,25,,LW,WPG,/teams/WPG/2017.html,51,2,2,4,-6,26,2,0,0,1,2,0,0,54,3.7,545,10:41,31,128,1,0,100.0
2017,Chris Terry,27,,LW,MTL,/teams/MTL/2017.html,14,2,2,4,-1,4,2,0,0,0,2,0,0,15,13.3,138,9:53,1,10,1,1,50.0
2017,Shawn Thornton,39,,LW,FLA,/teams/FLA/2017.html,50,2,2,4,-7,67,2,0,0,0,2,0,0,42,4.8,384,7:41,8,52,5,10,33.3
2017,Harry Zolnierczyk,29,,LW,NSH,/teams/NSH/2017.html,24,2,2,4,-2,10,2,0,0,0,2,0,0,19,10.5,213,8:52,11,25,8,11,42.1
2017,Robert Bortuzzo,27,,D,STL,/teams/STL/2017.html,38,1,3,4,11,15,1,0,0,0,3,0,0,45,2.2,535,14:05,50,77,0,0,
2017,Cory Conacher,27,,LW,TBL,/teams/TBL/2017.html,11,1,3,4,0,4,0,1,0,0,3,0,0,16,6.3,127,11:34,0,1,1,1,50.0
2017,Derek Dorsett,30,,RW,VAN,/teams/VAN/2017.html,14,1,3,4,-6,33,1,0,0,0,3,0,0,24,4.2,139,9:56,6,35,1,0,100.0
2017,Cameron Gaunce,26,,D,PIT,/teams/PIT/2017.html,12,1,3,4,1,13,1,0,0,0,3,0,0,8,12.5,150,12:31,10,23,0,0,
2017,John Hayden,21,,LW,CHI,/teams/CHI/2017.html,12,1,3,4,3,4,1,0,0,0,3,0,0,22,4.5,140,11:41,2,44,0,0,
2017,Anton Lander,25,,C,EDM,/teams/EDM/2017.html,22,1,3,4,2,6,1,0,0,0,3,0,0,12,8.3,215,9:46,7,28,79,62,56.0
2017,Curtis Lazar,21,,RW,TOT,,37,1,3,4,-8,4,1,0,0,0,3,0,0,26,3.8,338,9:08,17,66,39,60,39.4
2017,Chris Neil,37,,RW,OTT,/teams/OTT/2017.html,53,1,3,4,-11,63,1,0,0,0,3,0,0,42,2.4,401,7:34,20,108,0,0,
2017,John Quenneville,20,,C,NJD,/teams/NJD/2017.html,12,1,3,4,1,2,0,1,0,0,2,1,0,21,4.8,164,13:42,7,15,0,0,
2017,Marcus Sorensen,24,,RW,SJS,/teams/SJS/2017.html,19,1,3,4,-1,4,1,0,0,1,3,0,0,27,3.7,205,10:49,6,15,3,1,75.0
2017,Derek Grant,26,,C,TOT,,46,0,4,4,-5,24,0,0,0,0,4,0,0,40,0.0,449,9:46,29,27,200,183,52.2
2017,Jakub Kindl,29,,D,FLA,/teams/FLA/2017.html,39,0,4,4,-11,28,0,0,0,0,4,0,0,41,0.0,573,14:41,37,49,0,0,
2017,Slater Koekkoek,22,,D,TBL,/teams/TBL/2017.html,29,0,4,4,-4,8,0,0,0,0,4,0,0,27,0.0,377,12:59,27,25,0,0,
2017,Nick Schultz,34,,D,PHI,/teams/PHI/2017.html,28,0,4,4,1,10,0,0,0,0,4,0,0,25,0.0,427,15:15,61,45,0,0,
2017,Luke Witkowski,26,,D,TBL,/teams/TBL/2017.html,34,0,4,4,-1,39,0,0,0,0,4,0,0,24,0.0,336,9:52,21,81,0,0,
2017,Josh Archibald,24,,RW,PIT,/teams/PIT/2017.html,10,3,0,3,3,4,2,0,1,0,0,0,0,11,27.3,109,10:52,2,28,0,1,0.0
2017,Adam Erne,21,,LW,TBL,/teams/TBL/2017.html,26,3,0,3,-9,11,3,0,0,0,0,0,0,40,7.5,307,11:48,13,71,0,2,0.0
2017,Christian Fischer,19,,RW,ARI,/teams/ARI/2017.html,7,3,0,3,0,0,3,0,0,1,0,0,0,10,30.0,86,12:20,0,9,0,0,
2017,Nikolay Goldobin,21,,RW/LW,TOT,,14,3,0,3,0,0,3,0,0,1,0,0,0,14,21.4,159,11:22,4,1,0,0,
2017,Michael Bournival,24,,LW,TBL,/teams/TBL/2017.html,19,2,1,3,-3,2,2,0,0,0,1,0,0,25,8.0,193,10:09,8,31,1,2,33.3
2017,Laurent Dauphin,21,,C,ARI,/teams/ARI/2017.html,24,2,1,3,-2,12,1,0,1,1,1,0,0,32,6.3,262,10:55,11,32,37,45,45.1
2017,Ryan Garbutt,31,,LW,ANA,/teams/ANA/2017.html,27,2,1,3,-3,20,2,0,0,1,0,0,1,26,7.7,247,9:10,12,53,7,4,63.6
2017,Frederik Gauthier,21,,C,TOR,/teams/TOR/2017.html,21,2,1,3,2,23,2,0,0,0,1,0,0,15,13.3,204,9:42,17,17,120,115,51.1
2017,Shane Harper,27,,RW,FLA,/teams/FLA/2017.html,14,2,1,3,-1,18,2,0,0,0,1,0,0,13,15.4,144,10:18,0,19,0,0,
2017,Kyle Rau,24,,C,FLA,/teams/FLA/2017.html,24,2,1,3,-3,4,2,0,0,0,1,0,0,21,9.5,230,9:36,3,24,2,1,66.7
2017,Jordin Tootoo,33,,RW,CHI,/teams/CHI/2017.html,50,2,1,3,-6,28,2,0,0,0,1,0,0,43,4.7,337,6:45,8,52,1,0,100.0
2017,Kenny Agostino,24,,LW,STL,/teams/STL/2017.html,7,1,2,3,0,2,1,0,0,0,1,1,0,17,5.9,89,12:47,3,9,0,0,
2017,Mark Borowiecki,27,,D,OTT,/teams/OTT/2017.html,70,1,2,3,-3,154,1,0,0,0,2,0,0,50,2.0,981,14:01,90,364,1,0,100.0
2017,Zac Dalpe,27,,C,MIN,/teams/MIN/2017.html,9,1,2,3,0,9,1,0,0,0,2,0,0,8,12.5,77,8:33,5,5,27,32,45.8
2017,Scott Harrington,23,,D,CBJ,/teams/CBJ/2017.html,22,1,2,3,3,10,1,0,0,0,2,0,0,16,6.3,286,13:00,24,21,0,0,
2017,Michal Rozsival,38,,D,CHI,/teams/CHI/2017.html,22,1,2,3,-3,14,1,0,0,1,2,0,0,16,6.3,341,15:30,25,47,0,0,
2017,Clayton Stoner,31,,D,ANA,/teams/ANA/2017.html,14,1,2,3,0,28,1,0,0,0,2,0,0,16,6.3,246,17:33,17,35,0,0,
2017,Alex Biega,28,,D,VAN,/teams/VAN/2017.html,36,0,3,3,-4,18,0,0,0,0,3,0,0,37,0.0,474,13:10,24,97,0,0,
2017,Jared Boll,30,,RW,ANA,/teams/ANA/2017.html,51,0,3,3,-3,87,0,0,0,0,3,0,0,13,0.0,297,5:49,14,68,0,1,0.0
2017,Brandon Davidson,25,,D,TOT,,38,0,3,3,-2,20,0,0,0,0,3,0,0,42,0.0,597,15:43,61,42,0,0,
2017,Brett Kulak,23,,D,CGY,/teams/CGY/2017.html,21,0,3,3,-3,12,0,0,0,0,3,0,0,19,0.0,299,14:15,13,14,0,0,
2017,Patrik Nemeth,24,,D,DAL,/teams/DAL/2017.html,40,0,3,3,-4,14,0,0,0,0,3,0,0,46,0.0,631,15:47,47,45,0,0,
2017,Gustav Olofsson,22,,D,MIN,/teams/MIN/2017.html,13,0,3,3,-1,2,0,0,0,0,2,1,0,7,0.0,175,13:29,16,10,0,0,
2017,Karl Stollery,29,,D,NJD,/teams/NJD/2017.html,11,0,3,3,-5,13,0,0,0,0,0,3,0,11,0.0,186,16:55,16,26,0,0,
2017,Paul Thompson,28,,RW,FLA,/teams/FLA/2017.html,21,0,3,3,-4,22,0,0,0,0,3,0,0,19,0.0,166,7:54,16,48,0,1,0.0
2017,Joel Vermin,24,,RW,TBL,/teams/TBL/2017.html,18,0,3,3,2,4,0,0,0,0,3,0,0,12,0.0,197,10:56,7,17,2,1,66.7
2017,Jason Dickinson,21,,C,DAL,/teams/DAL/2017.html,10,2,0,2,-3,0,2,0,0,0,0,0,0,9,22.2,118,11:47,4,8,4,9,30.8
2017,Freddie Hamilton,25,,C,CGY,/teams/CGY/2017.html,26,2,0,2,-3,8,2,0,0,1,0,0,0,30,6.7,254,9:47,1,46,75,51,59.5
2017,Teemu Pulkkinen,25,,LW,TOT,,13,2,0,2,-2,6,2,0,0,0,0,0,0,10,20.0,124,9:30,3,4,0,1,0.0
2017,Pontus Aberg,23,,LW,NSH,/teams/NSH/2017.html,15,1,1,2,-2,4,1,0,0,0,1,0,0,12,8.3,185,12:20,2,9,1,0,100.0
2017,Matt Bartkowski,28,,D,CGY,/teams/CGY/2017.html,24,1,1,2,-4,26,1,0,0,0,1,0,0,16,6.3,369,15:23,12,46,0,0,
2017,Anton Blidh,21,,LW,BOS,/teams/BOS/2017.html,19,1,1,2,-2,7,1,0,0,0,1,0,0,26,3.8,167,8:47,4,41,0,0,
2017,Blake Coleman,25,,C,NJD,/teams/NJD/2017.html,23,1,1,2,-7,27,1,0,0,0,1,0,0,29,3.4,295,12:51,15,51,96,130,42.5
2017,Tanner Glass,33,,LW,NYR,/teams/NYR/2017.html,11,1,1,2,0,17,1,0,0,0,1,0,0,8,12.5,120,10:55,4,37,2,0,100.0
2017,Matt Greene,33,,D,LAK,/teams/LAK/2017.html,26,1,1,2,3,19,1,0,0,0,1,0,0,14,7.1,343,13:11,27,71,0,0,
2017,Markus Hannikainen,23,,LW,CBJ,/teams/CBJ/2017.html,10,1,1,2,0,6,1,0,0,0,1,0,0,8,12.5,91,9:08,5,16,0,0,
2017,Steven Kampfer,28,,D,TOT,,11,1,1,2,-2,6,1,0,0,0,1,0,0,10,10.0,146,13:15,10,24,0,0,
2017,Taylor Leier,22,,LW,PHI,/teams/PHI/2017.html,10,1,1,2,-1,4,1,0,0,0,1,0,0,7,14.3,91,9:04,0,7,0,1,0.0
2017,Milan Michalek,32,,LW,TOR,/teams/TOR/2017.html,5,1,1,2,-2,2,1,0,0,0,1,0,0,6,16.7,71,14:16,9,7,0,1,0.0
2017,Mirco Mueller,21,,D,SJS,/teams/SJS/2017.html,4,1,1,2,2,0,1,0,0,0,1,0,0,3,33.3,38,9:36,3,2,0,0,
2017,Matthew Peca,23,,C,TBL,/teams/TBL/2017.html,10,1,1,2,-3,2,1,0,0,0,1,0,0,9,11.1,114,11:27,2,9,32,40,44.4
2017,Nate Thompson,32,,C,ANA,/teams/ANA/2017.html,30,1,1,2,4,14,1,0,0,0,1,0,0,19,5.3,312,10:23,9,69,130,115,53.1
2017,Andy Andreoff,25,,LW,LAK,/teams/LAK/2017.html,36,0,2,2,-2,70,0,0,0,0,2,0,0,38,0.0,381,10:36,7,70,41,28,59.4
2017,Jonny Brodzinski,23,,C,LAK,/teams/LAK/2017.html,6,0,2,2,2,2,0,0,0,0,2,0,0,17,0.0,74,12:17,4,10,0,0,
2017,Peter Cehlarik,21,,LW,BOS,/teams/BOS/2017.html,11,0,2,2,0,0,0,0,0,0,1,1,0,8,0.0,153,13:55,4,7,2,1,66.7
2017,Nicolas Deslauriers,25,,LW,BUF,/teams/BUF/2017.html,42,0,2,2,-6,38,0,0,0,0,2,0,0,26,0.0,311,7:25,5,109,0,3,0.0
2017,Justin Dowling,26,,C,DAL,/teams/DAL/2017.html,9,0,2,2,0,2,0,0,0,0,1,1,0,11,0.0,94,10:28,0,1,38,31,55.1
2017,Mark Fayne,29,,D,EDM,/teams/EDM/2017.html,4,0,2,2,1,0,0,0,0,0,2,0,0,4,0.0,32,7:55,2,1,0,0,
2017,Marek Hrivik,25,,LW,NYR,/teams/NYR/2017.html,16,0,2,2,-3,2,0,0,0,0,1,1,0,15,0.0,167,10:25,5,19,32,48,40.0
2017,Charles Hudon,22,,LW,MTL,/teams/MTL/2017.html,3,0,2,2,1,2,0,0,0,0,2,0,0,3,0.0,36,11:56,0,11,0,0,
2017,Clayton Keller,18,,LW,ARI,/teams/ARI/2017.html,3,0,2,2,-3,0,0,0,0,0,1,1,0,0,,38,12:40,0,0,0,0,
2017,Julian Melchiori,25,,D,WPG,/teams/WPG/2017.html,18,0,2,2,0,8,0,0,0,0,2,0,0,15,0.0,331,18:22,31,30,0,0,
2017,Ryan Murphy,23,,D,CAR,/teams/CAR/2017.html,27,0,2,2,-11,8,0,0,0,0,2,0,0,17,0.0,356,13:10,31,2,0,0,
2017,Teddy Purcell,31,,LW,LAK,/teams/LAK/2017.html,12,0,2,2,0,0,0,0,0,0,2,0,0,10,0.0,155,12:54,2,7,3,0,100.0
2017,Ty Rattie,23,,RW,TOT,,9,0,2,2,-2,0,0,0,0,0,2,0,0,10,0.0,97,10:44,4,10,0,0,
2017,Jordan Schmaltz,23,,D,STL,/teams/STL/2017.html,9,0,2,2,0,4,0,0,0,0,1,1,0,5,0.0,129,14:20,10,4,0,0,
2017,Tom Sestito,29,,LW,PIT,/teams/PIT/2017.html,13,0,2,2,0,48,0,0,0,0,2,0,0,3,0.0,72,5:32,2,19,0,0,
2017,Drew Shore,26,,C,VAN,/teams/VAN/2017.html,14,0,2,2,-3,4,0,0,0,0,2,0,0,11,0.0,168,11:58,3,22,38,33,53.5
2017,Brian Strait,29,,D,WPG,/teams/WPG/2017.html,5,0,2,2,-1,0,0,0,0,0,2,0,0,3,0.0,80,15:56,8,5,0,0,
2017,Lucas Wallmark,21,,C,CAR,/teams/CAR/2017.html,8,0,2,2,1,2,0,0,0,0,2,0,0,11,0.0,87,10:52,3,14,31,27,53.4
2017,Bryan Bickell,30,,LW,CAR,/teams/CAR/2017.html,11,1,0,1,-4,4,0,1,0,1,0,0,0,8,12.5,115,10:26,3,16,0,2,0.0
2017,Boyd Gordon,33,,C,PHI,/teams/PHI/2017.html,13,1,0,1,-5,2,1,0,0,0,0,0,0,8,12.5,106,8:11,7,4,48,38,55.8
2017,Seth Helgeson,26,,D,NJD,/teams/NJD/2017.html,9,1,0,1,2,15,1,0,0,0,0,0,0,3,33.3,121,13:28,11,16,0,0,
2017,Samuel Henley,23,,C,COL,/teams/COL/2017.html,1,1,0,1,1,2,1,0,0,0,0,0,0,1,100.0,5,5:18,0,2,0,1,0.0
2017,Tyson Jost,18,,C,COL,/teams/COL/2017.html,6,1,0,1,-5,0,1,0,0,0,0,0,0,9,11.1,94,15:41,3,3,28,42,40.0
2017,Tomas Jurco,24,,LW/RW,TOT,,29,1,0,1,-12,4,1,0,0,0,0,0,0,35,2.9,308,10:38,9,21,0,1,0.0
2017,Kasperi Kapanen,20,,RW,TOR,/teams/TOR/2017.html,8,1,0,1,-2,0,1,0,0,0,0,0,0,11,9.1,86,10:42,2,6,0,0,
2017,Jujhar Khaira,22,,LW,EDM,/teams/EDM/2017.html,10,1,0,1,1,2,1,0,0,1,0,0,0,10,10.0,93,9:15,5,20,7,12,36.8
2017,Colin McDonald,32,,C,PHI,/teams/PHI/2017.html,3,1,0,1,1,0,1,0,0,0,0,0,0,5,20.0,27,9:01,0,9,0,1,0.0
2017,Dylan McIlrath,24,,D,TOT,,6,1,0,1,-2,14,1,0,0,0,0,0,0,3,33.3,57,9:31,4,15,0,0,
2017,Wade Megan,26,,C,STL,/teams/STL/2017.html,3,1,0,1,1,0,1,0,0,0,0,0,0,6,16.7,26,8:48,0,2,13,14,48.1
2017,Tomas Nosek,24,,LW,DET,/teams/DET/2017.html,11,1,0,1,-1,2,1,0,0,0,0,0,0,19,5.3,111,10:07,5,10,37,31,54.4
2017,Daniel O'Regan,23,,C,SJS,/teams/SJS/2017.html,3,1,0,1,-2,0,0,1,0,0,0,0,0,5,20.0,35,11:33,1,1,14,17,45.2
2017,Mike Reilly,23,,D,MIN,/teams/MIN/2017.html,17,1,0,1,1,2,1,0,0,0,0,0,0,19,5.3,210,12:23,8,2,0,0,
2017,Nikita Scherbak,21,,RW,MTL,/teams/MTL/2017.html,3,1,0,1,1,0,0,1,0,0,0,0,0,3,33.3,34,11:23,1,0,0,0,
2017,Vladimir Sobotka,29,,LW,STL,/teams/STL/2017.html,1,1,0,1,0,0,1,0,0,0,0,0,0,2,50.0,17,16:41,0,0,6,6,50.0
2017,Valentin Zykov,21,,LW,CAR,/teams/CAR/2017.html,2,1,0,1,1,0,1,0,0,0,0,0,0,3,33.3,13,6:15,0,0,0,0,
2017,Christoph Bertschy,22,,C,MIN,/teams/MIN/2017.html,5,0,1,1,0,4,0,0,0,0,1,0,0,5,0.0,41,8:08,3,7,0,0,
2017,Matt Carle,32,,D,NSH,/teams/NSH/2017.html,6,0,1,1,-1,0,0,0,0,0,1,0,0,2,0.0,79,13:09,5,3,0,0,
2017,Gabriel Carlsson,20,,D,CBJ,/teams/CBJ/2017.html,2,0,1,1,-2,0,0,0,0,0,1,0,0,3,0.0,34,17:08,2,5,0,0,
2017,Kevin Connauton,26,,D,ARI,/teams/ARI/2017.html,24,0,1,1,-1,24,0,0,0,0,1,0,0,21,0.0,315,13:08,22,48,0,0,
2017,Andrew Desjardins,30,,LW,CHI,/teams/CHI/2017.html,46,0,1,1,-6,22,0,0,0,0,1,0,0,46,0.0,432,9:24,17,73,39,30,56.5
2017,Hudson Fasching,21,,RW,BUF,/teams/BUF/2017.html,10,0,1,1,-1,2,0,0,0,0,1,0,0,6,0.0,104,10:25,2,17,0,0,
2017,Kurtis Gabriel,23,,RW,MIN,/teams/MIN/2017.html,13,0,1,1,0,29,0,0,0,0,1,0,0,3,0.0,76,5:49,1,26,0,0,
2017,Tyler Gaudet,23,,C,ARI,/teams/ARI/2017.html,4,0,1,1,0,0,0,0,0,0,1,0,0,3,0.0,52,12:59,1,3,14,21,40.0
2017,Frederick Gaudreau,23,,C,NSH,/teams/NSH/2017.html,9,0,1,1,1,0,0,0,0,0,1,0,0,8,0.0,78,8:40,5,1,4,8,33.3
2017,Eric Gelinas,25,,D,COL,/teams/COL/2017.html,27,0,1,1,-4,12,0,0,0,0,1,0,0,29,0.0,313,11:35,16,32,0,1,0.0
2017,Barclay Goodrow,23,,RW,SJS,/teams/SJS/2017.html,3,0,1,1,0,0,0,0,0,0,1,0,0,3,0.0,34,11:18,1,3,0,0,
2017,A.J. Greer,20,,LW,COL,/teams/COL/2017.html,5,0,1,1,-2,4,0,0,0,0,1,0,0,8,0.0,68,13:39,3,4,0,0,
2017,Rocco Grimaldi,23,,C,COL,/teams/COL/2017.html,4,0,1,1,-3,2,0,0,0,0,1,0,0,11,0.0,44,11:00,4,1,0,0,
2017,Sean Kuraly,24,,C,BOS,/teams/BOS/2017.html,8,0,1,1,-1,2,0,0,0,0,1,0,0,11,0.0,74,9:12,1,9,1,2,33.3
2017,Matthew Lorito,26,,LW,DET,/teams/DET/2017.html,2,0,1,1,0,0,0,0,0,0,1,0,0,6,0.0,29,14:26,0,0,0,0,
2017,Ian McCoshen,21,,D,FLA,/teams/FLA/2017.html,3,0,1,1,0,0,0,0,0,0,1,0,0,0,,40,13:15,2,3,0,0,
2017,Joseph Morrow,24,,D,BOS,/teams/BOS/2017.html,17,0,1,1,-4,8,0,0,0,0,1,0,0,19,0.0,264,15:32,19,29,0,0,
2017,Alexander Nylander,18,,RW,BUF,/teams/BUF/2017.html,4,0,1,1,-2,0,0,0,0,0,1,0,0,4,0.0,49,12:20,2,1,0,2,0.0
2017,Cal O'Reilly,30,,C,BUF,/teams/BUF/2017.html,11,0,1,1,-6,0,0,0,0,0,1,0,0,3,0.0,87,7:56,3,2,32,34,48.5
2017,Steven Oleksy,30,,D,PIT,/teams/PIT/2017.html,11,0,1,1,2,24,0,0,0,0,1,0,0,11,0.0,151,13:42,19,20,0,0,
2017,Blake Pietila,23,,LW,NJD,/teams/NJD/2017.html,10,0,1,1,-5,4,0,0,0,0,1,0,0,9,0.0,130,13:02,5,16,23,22,51.1
2017,Anton Rodin,26,,RW,VAN,/teams/VAN/2017.html,3,0,1,1,1,0,0,0,0,0,1,0,0,2,0.0,27,8:55,1,0,0,0,
2017,Cole Schneider,26,,LW,BUF,/teams/BUF/2017.html,4,0,1,1,2,0,0,0,0,0,1,0,0,6,0.0,29,7:09,2,3,0,0,
2017,Hunter Shinkaruk,22,,LW,CGY,/teams/CGY/2017.html,7,0,1,1,-3,2,0,0,0,0,1,0,0,5,0.0,74,10:35,3,3,0,0,
2017,Dominik Simon,22,,C,PIT,/teams/PIT/2017.html,2,0,1,1,-1,0,0,0,0,0,1,0,0,2,0.0,26,13:03,0,2,0,0,
2017,C.J. Smith,22,,LW,BUF,/teams/BUF/2017.html,2,0,1,1,-1,0,0,0,0,0,1,0,0,2,0.0,23,11:32,0,0,0,0,
2017,Nick Sorensen,22,,RW,ANA,/teams/ANA/2017.html,5,0,1,1,-1,2,0,0,0,0,1,0,0,7,0.0,54,10:53,3,2,1,0,100.0
2017,Ben Street,29,,C,DET,/teams/DET/2017.html,6,0,1,1,1,0,0,0,0,0,1,0,0,8,0.0,50,8:15,0,3,0,0,
2017,Dylan Strome,19,,C,ARI,/teams/ARI/2017.html,7,0,1,1,-5,0,0,0,0,0,1,0,0,6,0.0,96,13:41,2,3,31,46,40.3
2017,Sergey Tolchinsky,21,,LW,CAR,/teams/CAR/2017.html,2,0,1,1,0,0,0,0,0,0,1,0,0,2,0.0,23,11:29,0,0,0,0,
2017,Jake Virtanen,20,,RW,VAN,/teams/VAN/2017.html,10,0,1,1,1,2,0,0,0,0,1,0,0,13,0.0,101,10:09,4,17,3,0,100.0
2017,David Warsofsky,26,,D,PIT,/teams/PIT/2017.html,7,0,1,1,-3,6,0,0,0,0,1,0,0,14,0.0,110,15:44,12,3,0,0,
2017,Spencer Abbott,28,,LW,CHI,/teams/CHI/2017.html,1,0,0,0,0,0,0,0,0,0,0,0,0,1,0.0,9,8:34,0,0,0,0,
2017,Rasmus Andersson,20,,D,CGY,/teams/CGY/2017.html,1,0,0,0,-1,0,0,0,0,0,0,0,0,0,,19,18:33,2,4,0,0,
2017,Brady Austin,23,,D,BUF,/teams/BUF/2017.html,5,0,0,0,0,4,0,0,0,0,0,0,0,8,0.0,80,16:05,0,6,0,0,
2017,Casey Bailey,25,,RW,OTT,/teams/OTT/2017.html,7,0,0,0,-1,0,0,0,0,0,0,0,0,10,0.0,56,7:00,4,4,0,1,0.0
2017,Riley Barber,22,,RW,WSH,/teams/WSH/2017.html,3,0,0,0,0,0,0,0,0,0,0,0,0,2,0.0,26,8:35,0,1,0,0,
2017,Mathew Barzal,19,,C,NYI,/teams/NYI/2017.html,2,0,0,0,-2,6,0,0,0,0,0,0,0,0,,20,9:45,0,1,6,7,46.2
2017,Cody Bass,30,,C,NSH,/teams/NSH/2017.html,9,0,0,0,-1,19,0,0,0,0,0,0,0,1,0.0,61,6:46,4,14,0,2,0.0
2017,Taylor Beck,25,,LW,TOT,,5,0,0,0,-3,4,0,0,0,0,0,0,0,5,0.0,44,8:49,0,5,0,1,0.0
2017,Tyler Bertuzzi,21,,LW,DET,/teams/DET/2017.html,7,0,0,0,-1,0,0,0,0,0,0,0,0,3,0.0,64,9:06,0,12,1,1,50.0
2017,Mike Blunden,30,,RW,OTT,/teams/OTT/2017.html,2,0,0,0,0,4,0,0,0,0,0,0,0,1,0.0,16,8:07,0,6,0,0,
2017,Gabriel Bourque,26,,LW,COL,/teams/COL/2017.html,6,0,0,0,0,0,0,0,0,0,0,0,0,4,0.0,67,11:12,6,17,0,1,0.0
2017,Patrick Brown,24,,C,CAR,/teams/CAR/2017.html,14,0,0,0,-6,0,0,0,0,0,0,0,0,12,0.0,136,9:43,5,30,9,6,60.0
2017,Erik Burgdoerfer,28,,D,BUF,/teams/BUF/2017.html,2,0,0,0,-1,0,0,0,0,0,0,0,0,2,0.0,22,11:10,0,5,0,0,
2017,Chris Butler,30,,D,STL,/teams/STL/2017.html,1,0,0,0,0,0,0,0,0,0,0,0,0,1,0.0,21,21:28,2,0,0,0,
2017,Mitch Callahan,25,,RW,DET,/teams/DET/2017.html,4,0,0,0,0,0,0,0,0,0,0,0,0,2,0.0,27,6:49,2,3,0,0,
2017,Patrick Cannone,30,,C,MIN,/teams/MIN/2017.html,3,0,0,0,0,0,0,0,0,0,0,0,0,2,0.0,24,7:53,1,2,11,10,52.4
2017,Paul Carey,28,,C,WSH,/teams/WSH/2017.html,6,0,0,0,-2,0,0,0,0,0,0,0,0,8,0.0,63,10:29,1,5,0,0,
2017,Alexandre Carrier,20,,D,NSH,/teams/NSH/2017.html,2,0,0,0,1,0,0,0,0,0,0,0,0,1,0.0,21,10:24,1,0,0,0,
2017,Thomas Chabot,20,,D,OTT,/teams/OTT/2017.html,1,0,0,0,-2,0,0,0,0,0,0,0,0,1,0.0,7,7:09,0,1,0,0,
2017,Erik Condra,30,,RW,TBL,/teams/TBL/2017.html,13,0,0,0,-4,4,0,0,0,0,0,0,0,8,0.0,125,9:38,7,5,1,0,100.0
2017,Frank Corrado,23,,D,TOT,,4,0,0,0,-1,8,0,0,0,0,0,0,0,3,0.0,43,10:46,2,4,0,0,
2017,Jacob de La Rose,21,,LW,MTL,/teams/MTL/2017.html,9,0,0,0,-3,4,0,0,0,0,0,0,0,4,0.0,98,10:54,5,23,17,17,50.0
2017,Jean-Sebastien Dea,22,,C,PIT,/teams/PIT/2017.html,1,0,0,0,0,2,0,0,0,0,0,0,0,1,0.0,11,11:18,0,3,1,1,50.0
2017,Simon Despres,25,,D,ANA,/teams/ANA/2017.html,1,0,0,0,0,0,0,0,0,0,0,0,0,1,0.0,16,16:08,1,1,0,0,
2017,Chris Didomenico,27,,RW,OTT,/teams/OTT/2017.html,3,0,0,0,0,6,0,0,0,0,0,0,0,5,0.0,33,11:01,2,2,2,1,66.7
2017,Andreas Englund,21,,D,OTT,/teams/OTT/2017.html,5,0,0,0,-3,2,0,0,0,0,0,0,0,3,0.0,53,10:38,0,18,0,0,
2017,Emerson Etem,24,,LW,ANA,/teams/ANA/2017.html,3,0,0,0,1,2,0,0,0,0,0,0,0,0,,26,8:48,0,4,0,1,0.0
2017,Bobby Farnham,28,,RW,MTL,/teams/MTL/2017.html,3,0,0,0,0,17,0,0,0,0,0,0,0,4,0.0,25,8:16,2,8,1,0,100.0
2017,Jakob Forsbacka Karlsson,20,,C,BOS,/teams/BOS/2017.html,1,0,0,0,0,0,0,0,0,0,0,0,0,0,,8,8:25,0,0,1,1,50.0
2017,Martin Frk,23,,RW,CAR,/teams/CAR/2017.html,2,0,0,0,-3,0,0,0,0,0,0,0,0,1,0.0,17,8:20,1,3,0,0,
2017,Byron Froese,25,,C,TOT,,6,0,0,0,-3,5,0,0,0,0,0,0,0,6,0.0,63,10:33,4,3,26,30,46.4
2017,Luke Gazdic,27,,LW,NJD,/teams/NJD/2017.html,11,0,0,0,-2,12,0,0,0,0,0,0,0,3,0.0,78,7:08,6,16,0,0,
2017,Petter Granberg,24,,D,NSH,/teams/NSH/2017.html,10,0,0,0,0,10,0,0,0,0,0,0,0,4,0.0,96,9:38,9,17,0,0,
2017,Alexandre Grenier,25,,RW,VAN,/teams/VAN/2017.html,3,0,0,0,-1,0,0,0,0,0,0,0,0,1,0.0,19,6:29,0,3,2,0,100.0
2017,Nicklas Grossmann,32,,D,CGY,/teams/CGY/2017.html,3,0,0,0,-4,2,0,0,0,0,0,0,0,3,0.0,39,13:01,1,7,0,0,
2017,Matthew Grzelcyk,23,,D,BOS,/teams/BOS/2017.html,2,0,0,0,0,2,0,0,0,0,0,0,0,4,0.0,25,12:29,1,0,0,0,
2017,Brendan Guhle,19,,D,BUF,/teams/BUF/2017.html,3,0,0,0,1,0,0,0,0,0,0,0,0,4,0.0,49,16:21,8,3,0,0,
2017,Denis Gurianov,19,,RW,DAL,/teams/DAL/2017.html,1,0,0,0,-1,0,0,0,0,0,0,0,0,0,,13,13:06,3,1,0,0,
2017,Robert Hagg,21,,D,PHI,/teams/PHI/2017.html,1,0,0,0,0,0,0,0,0,0,0,0,0,5,0.0,21,21:19,3,4,0,0,
2017,Joel Hanley,25,,D,MTL,/teams/MTL/2017.html,7,0,0,0,-3,4,0,0,0,0,0,0,0,5,0.0,71,10:09,4,8,0,0,
2017,Ben Harpur,22,,D,OTT,/teams/OTT/2017.html,6,0,0,0,-1,0,0,0,0,0,0,0,0,3,0.0,107,17:48,3,5,0,0,
2017,Tim Heed,26,,D,SJS,/teams/SJS/2017.html,1,0,0,0,0,0,0,0,0,0,0,0,0,1,0.0,16,16:29,2,0,0,0,
2017,Danton Heinen,21,,C,BOS,/teams/BOS/2017.html,8,0,0,0,-3,2,0,0,0,0,0,0,0,7,0.0,106,13:14,2,6,0,0,
2017,Quinton Howden,25,,C,WPG,/teams/WPG/2017.html,5,0,0,0,1,0,0,0,0,0,0,0,0,5,0.0,43,8:39,0,4,0,2,0.0
2017,Mark Jankowski,22,,C,CGY,/teams/CGY/2017.html,1,0,0,0,0,0,0,0,0,0,0,0,0,0,,10,10:18,0,1,5,3,62.5
2017,Nicklas Jensen,23,,RW,NYR,/teams/NYR/2017.html,7,0,0,0,-2,0,0,0,0,0,0,0,0,8,0.0,65,9:13,2,7,0,0,
2017,Ryan Johnston,24,,D,MTL,/teams/MTL/2017.html,7,0,0,0,-3,4,0,0,0,0,0,0,0,3,0.0,69,9:52,2,1,0,0,
2017,Connor Jones,26,,C,NYI,/teams/NYI/2017.html,4,0,0,0,1,2,0,0,0,0,0,0,0,2,0.0,47,11:51,3,13,8,5,61.5
2017,Vladislav Kamenev,20,,LW,NSH,/teams/NSH/2017.html,2,0,0,0,-1,2,0,0,0,0,0,0,0,1,0.0,20,10:04,1,1,6,7,46.2
2017,Michael Kapla,22,,D,NJD,/teams/NJD/2017.html,5,0,0,0,-1,0,0,0,0,0,0,0,0,4,0.0,87,17:26,5,5,0,0,
2017,Bracken Kearns,35,,C,NYI,/teams/NYI/2017.html,2,0,0,0,-1,2,0,0,0,0,0,0,0,3,0.0,22,11:12,2,5,10,7,58.8
2017,Nicolas Kerdiles,23,,LW,ANA,/teams/ANA/2017.html,1,0,0,0,1,0,0,0,0,0,0,0,0,0,,11,11:08,2,0,1,0,100.0
2017,Kalle Kossila,23,,LW,ANA,/teams/ANA/2017.html,1,0,0,0,0,0,0,0,0,0,0,0,0,1,0.0,7,6:54,0,1,3,4,42.9
2017,Joseph Labate,23,,C,VAN,/teams/VAN/2017.html,13,0,0,0,-2,21,0,0,0,0,0,0,0,5,0.0,88,6:46,2,23,1,0,100.0
2017,Jacob Larsson,19,,D,ANA,/teams/ANA/2017.html,4,0,0,0,-1,2,0,0,0,0,0,0,0,2,0.0,66,16:26,1,1,0,0,
2017,Brian Lashoff,26,,D,DET,/teams/DET/2017.html,5,0,0,0,-3,0,0,0,0,0,0,0,0,1,0.0,63,12:31,4,8,0,0,
2017,Scott Laughton,22,,C,PHI,/teams/PHI/2017.html,2,0,0,0,0,0,0,0,0,0,0,0,0,4,0.0,20,10:15,0,3,11,9,55.0
2017,Brett Lernout,21,,D,MTL,/teams/MTL/2017.html,2,0,0,0,-1,0,0,0,0,0,0,0,0,3,0.0,38,18:00,3,8,0,0,
2017,Mike Liambas,27,,LW,NSH,/teams/NSH/2017.html,1,0,0,0,-1,0,0,0,0,0,0,0,0,0,,5,4:42,0,1,0,0,
2017,Petteri Lindbohm,23,,D,STL,/teams/STL/2017.html,7,0,0,0,-4,4,0,0,0,0,0,0,0,10,0.0,91,12:59,5,10,0,0,
2017,Anton Lindholm,22,,D,COL,/teams/COL/2017.html,12,0,0,0,-8,2,0,0,0,0,0,0,0,7,0.0,177,14:45,12,38,0,0,
2017,Clarke MacArthur,31,,LW,OTT,/teams/OTT/2017.html,4,0,0,0,-1,0,0,0,0,0,0,0,0,5,0.0,54,13:29,1,4,0,1,0.0
2017,Sean Malone,21,,C,BUF,/teams/BUF/2017.html,1,0,0,0,0,0,0,0,0,0,0,0,0,1,0.0,12,12:12,1,0,5,3,62.5
2017,Jamie McBain,28,,D,ARI,/teams/ARI/2017.html,3,0,0,0,-1,0,0,0,0,0,0,0,0,3,0.0,50,16:40,4,0,0,0,
2017,Max McCormick,24,,RW,OTT,/teams/OTT/2017.html,7,0,0,0,-3,0,0,0,0,0,0,0,0,7,0.0,47,6:46,1,13,15,9,62.5
2017,Evan McEneny,22,,D,VAN,/teams/VAN/2017.html,1,0,0,0,-1,0,0,0,0,0,0,0,0,1,0.0,15,15:08,0,0,0,0,
2017,Mark McNeill,23,,RW,DAL,/teams/DAL/2017.html,1,0,0,0,-1,0,0,0,0,0,0,0,0,1,0.0,14,13:49,1,0,0,2,0.0
2017,Jaycob Megna,24,,D,ANA,/teams/ANA/2017.html,1,0,0,0,1,0,0,0,0,0,0,0,0,0,,15,15:20,0,0,0,0,
2017,Zbynek Michalek,34,,D,ARI,/teams/ARI/2017.html,3,0,0,0,1,0,0,0,0,0,0,0,0,3,0.0,53,17:40,5,7,0,0,
2017,Sonny Milano,20,,LW,CBJ,/teams/CBJ/2017.html,4,0,0,0,-3,0,0,0,0,0,0,0,0,2,0.0,47,11:41,2,3,0,0,
2017,Garrett Mitchell,25,,RW,WSH,/teams/WSH/2017.html,1,0,0,0,0,0,0,0,0,0,0,0,0,0,,9,8:48,0,2,0,1,0.0
2017,Zack Mitchell,24,,RW,MIN,/teams/MIN/2017.html,11,0,0,0,-1,0,0,0,0,0,0,0,0,10,0.0,93,8:26,3,14,11,8,57.9
2017,Griffen Molino,23,,C,VAN,/teams/VAN/2017.html,5,0,0,0,-2,0,0,0,0,0,0,0,0,3,0.0,53,10:35,1,1,0,0,
2017,Samuel Morin,21,,D,PHI,/teams/PHI/2017.html,1,0,0,0,0,0,0,0,0,0,0,0,0,2,0.0,18,17:47,0,7,0,0,
2017,Jakub Nakladal,29,,D,CAR,/teams/CAR/2017.html,3,0,0,0,-4,0,0,0,0,0,0,0,0,3,0.0,44,14:30,4,2,0,0,
2017,Casey Nelson,24,,D,BUF,/teams/BUF/2017.html,11,0,0,0,-3,4,0,0,0,0,0,0,0,10,0.0,139,12:36,5,15,0,0,
2017,Aaron Ness,26,,D,WSH,/teams/WSH/2017.html,2,0,0,0,-1,0,0,0,0,0,0,0,0,0,,26,12:50,2,2,0,0,
2017,Cristoval Nieves,23,,C,NYR,/teams/NYR/2017.html,1,0,0,0,-1,0,0,0,0,0,0,0,0,0,,12,11:44,1,0,3,7,30.0
2017,Nelson Nogier,20,,D,WPG,/teams/WPG/2017.html,10,0,0,0,-1,5,0,0,0,0,0,0,0,8,0.0,117,11:43,5,12,0,0,
2017,Liam O'Brien,22,,LW,WSH,/teams/WSH/2017.html,1,0,0,0,0,0,0,0,0,0,0,0,0,0,,6,6:08,0,1,0,0,
2017,Rob O'Gara,23,,D,BOS,/teams/BOS/2017.html,3,0,0,0,1,0,0,0,0,0,0,0,0,2,0.0,48,16:01,7,3,0,0,
2017,Jordan Oesterle,24,,D,EDM,/teams/EDM/2017.html,2,0,0,0,-1,0,0,0,0,0,0,0,0,2,0.0,35,17:17,3,2,0,0,
2017,Adam Pardy,32,,D,NSH,/teams/NSH/2017.html,4,0,0,0,-1,6,0,0,0,0,0,0,0,4,0.0,44,10:00,3,3,0,0,
2017,Nick Paul,21,,LW,OTT,/teams/OTT/2017.html,1,0,0,0,-2,0,0,0,0,0,0,0,0,4,0.0,16,16:29,0,3,5,8,38.5
2017,Kevin Porter,30,,C,PIT,/teams/PIT/2017.html,2,0,0,0,-1,0,0,0,0,0,0,0,0,0,,23,11:15,1,5,7,12,36.8
2017,Andrew Poturalski,23,,C,CAR,/teams/CAR/2017.html,2,0,0,0,-3,0,0,0,0,0,0,0,0,1,0.0,25,12:16,1,1,12,12,50.0
2017,Derrick Pouliot,23,,D,PIT,/teams/PIT/2017.html,11,0,0,0,-4,4,0,0,0,0,0,0,0,11,0.0,164,14:53,8,14,0,0,
2017,Ryan Pulock,22,,D,NYI,/teams/NYI/2017.html,1,0,0,0,1,0,0,0,0,0,0,0,0,0,,4,3:57,1,1,0,0,
2017,Mason Raymond,31,,LW,ANA,/teams/ANA/2017.html,4,0,0,0,-2,0,0,0,0,0,0,0,0,3,0.0,36,8:55,0,3,0,1,0.0
2017,Borna Rendulic,24,,RW,VAN,/teams/VAN/2017.html,1,0,0,0,0,0,0,0,0,0,0,0,0,1,0.0,5,4:51,0,0,0,0,
2017,Dan Renouf,22,,D,DET,/teams/DET/2017.html,1,0,0,0,0,0,0,0,0,0,0,0,0,1,0.0,14,13:35,0,3,0,0,
2017,Tanner Richard,23,,C,TBL,/teams/TBL/2017.html,3,0,0,0,-2,2,0,0,0,0,0,0,0,1,0.0,38,12:42,2,6,13,17,43.3
2017,Buddy Robinson,25,,RW,OTT,/teams/OTT/2017.html,4,0,0,0,0,2,0,0,0,0,0,0,0,4,0.0,28,6:57,0,9,0,0,
2017,Kevin Rooney,23,,C,NJD,/teams/NJD/2017.html,4,0,0,0,-3,4,0,0,0,0,0,0,0,2,0.0,41,10:11,1,4,10,17,37.0
2017,Jack Roslovic,20,,C,WPG,/teams/WPG/2017.html,1,0,0,0,-1,0,0,0,0,0,0,0,0,1,0.0,8,8:24,1,0,1,5,16.7
2017,Robbie Russo,23,,D,DET,/teams/DET/2017.html,19,0,0,0,2,2,0,0,0,0,0,0,0,18,0.0,305,16:04,13,24,0,0,
2017,Miikka Salomaki,23,,RW,NSH,/teams/NSH/2017.html,5,0,0,0,-1,2,0,0,0,0,0,0,0,3,0.0,61,12:13,9,14,0,0,
2017,Mikhail Sergachev,18,,D,MTL,/teams/MTL/2017.html,4,0,0,0,1,0,0,0,0,0,0,0,0,2,0.0,49,12:08,3,10,0,0,
2017,Duncan Siemens,23,,D,COL,/teams/COL/2017.html,3,0,0,0,-2,2,0,0,0,0,0,0,0,2,0.0,37,12:19,1,10,0,0,
2017,Dillon Simpson,,,D,EDM,/teams/EDM/2017.html,3,0,0,0,0,2,0,0,0,0,0,0,0,2,0.0,33,10:53,2,3,0,0,
2017,Trevor Smith,31,,C,NSH,/teams/NSH/2017.html,1,0,0,0,0,0,0,0,0,0,0,0,0,0,,7,7:20,2,0,0,8,0.0
2017,Blake Speers,20,,C,NJD,/teams/NJD/2017.html,3,0,0,0,0,0,0,0,0,0,0,0,0,3,0.0,28,9:29,1,1,0,2,0.0
2017,Chandler Stephenson,22,,C,WSH,/teams/WSH/2017.html,4,0,0,0,0,0,0,0,0,0,0,0,0,3,0.0,36,8:53,0,0,12,13,48.0
2017,Oskar Sundqvist,22,,C,PIT,/teams/PIT/2017.html,10,0,0,0,-4,2,0,0,0,0,0,0,0,9,0.0,92,9:10,2,13,16,28,36.4
2017,Evgeny Svechnikov,20,,RW,DET,/teams/DET/2017.html,2,0,0,0,0,0,0,0,0,0,0,0,0,4,0.0,26,13:09,1,2,0,0,
2017,Ben Thomson,24,,LW,NJD,/teams/NJD/2017.html,3,0,0,0,-4,4,0,0,0,0,0,0,0,7,0.0,33,10:53,1,7,0,1,0.0
2017,Corey Tropp,27,,RW,ANA,/teams/ANA/2017.html,1,0,0,0,-1,0,0,0,0,0,0,0,0,0,,9,9:28,0,2,0,0,
2017,Alex Tuch,20,,RW,MIN,/teams/MIN/2017.html,6,0,0,0,-3,0,0,0,0,0,0,0,0,8,0.0,64,10:42,7,5,0,0,
2017,T.J. Tynan,24,,RW,CBJ,/teams/CBJ/2017.html,3,0,0,0,-1,0,0,0,0,0,0,0,0,3,0.0,22,7:29,1,1,0,0,
2017,Phil Varone,26,,C,OTT,/teams/OTT/2017.html,7,0,0,0,-3,2,0,0,0,0,0,0,0,1,0.0,56,7:59,1,3,15,12,55.6
2017,Mike Vecchione,23,,RW,PHI,/teams/PHI/2017.html,2,0,0,0,-1,0,0,0,0,0,0,0,0,1,0.0,17,8:30,1,1,8,4,66.7
2017,Linden Vey,25,,RW,CGY,/teams/CGY/2017.html,4,0,0,0,-2,0,0,0,0,0,0,0,0,1,0.0,44,11:01,0,1,9,15,37.5
2017,MacKenzie Weegar,23,,D,FLA,/teams/FLA/2017.html,3,0,0,0,0,4,0,0,0,0,0,0,0,3,0.0,52,17:27,1,4,0,0,
2017,Colin White,20,,C,OTT,/teams/OTT/2017.html,2,0,0,0,0,0,0,0,0,0,0,0,0,1,0.0,27,13:43,1,0,7,14,33.3
2017,Tyler Wotherspoon,23,,D,CGY,/teams/CGY/2017.html,4,0,0,0,-2,0,0,0,0,0,0,0,0,4,0.0,44,10:54,2,3,0,0,
2017,Michael Zalewski,24,,LW,VAN,/teams/VAN/2017.html,1,0,0,0,-1,0,0,0,0,0,0,0,0,0,,8,8:03,1,0,0,0,
